person_id,post_id
1,8
1,11
2,1
2,3
1,92
3,30
2,78
2,85
2,102
1,136
3,75
3,85
1,153
2,122
1,154
1,156
2,127
3,103
6,16
2,144
2,145
1,185
2,161
2,166
3,144
1,248
6,96
9,7
6,101
6,103
7,75
7,85
1,277
2,249
1,281
7,101
8,73
3,230
1,295
8,78
10,16
1,297
2,277
7,122
7,127
1,315
6,161
7,130
7,135
2,291
2,292
9,75
2,295
3,269
2,307
3,277
7,154
9,92
3,281
7,161
8,130
3,287
11,39
8,135
3,295
12,16
3,297
8,143
1,362
9,114
10,85
1,365
9,120
1,369
12,30
10,101
6,228
8,166
6,230
1,391
2,365
6,248
11,93
11,96
7,228
11,104
3,354
7,230
12,75
3,360
1,423
10,144
7,242
6,277
7,249
15,1
12,96
10,161
8,224
6,287
9,195
12,102
15,11
11,136
4,354
8,230
6,295
2,422
15,22
7,277
2,433
15,30
5,342
7,281
16,3
8,254
11,161
12,130
7,287
7,291
5,354
7,292
11,168
3,417
2,450
7,295
2,452
7,297
3,422
11,178
11,180
2,461
7,307
12,154
6,342
14,96
14,101
14,103
10,228
15,73
2,478
6,354
10,230
2,479
1,520
10,242
3,461
10,248
18,3
14,130
11,224
18,8
2,508
9,298
14,144
1,551
10,277
14,154
1,558
16,93
11,249
10,287
2,536
12,228
16,104
2,540
7,385
10,295
10,297
11,269
16,114
16,120
15,153
16,122
3,527
12,248
12,249
15,156
17,96
3,531
6,439
3,536
11,291
11,295
20,16
11,297
7,422
15,178
2,583
15,181
6,461
15,182
1,618
12,277
20,30
18,93
16,156
18,96
2,593
7,439
16,161
2,598
4,536
18,103
14,228
1,632
10,354
16,168
2,607
7,452
18,114
15,208
16,178
19,85
3,582
2,615
18,120
15,215
14,248
15,217
14,249
19,103
7,478
20,75
3,607
18,144
18,145
20,85
11,365
22,25
3,615
1,678
8,463
14,277
18,154
6,527
20,96
1,686
3,624
7,501
8,470
15,254
20,101
23,8
15,258
18,165
20,103
15,259
2,663
7,508
14,291
12,354
14,292
18,168
2,665
2,669
14,297
10,422
19,144
7,519
16,242
18,180
23,26
7,524
18,183
16,249
20,127
10,439
16,254
19,161
22,68
24,8
7,536
2,694
8,508
7,540
3,665
22,78
23,47
3,669
20,144
2,703
23,53
24,22
1,736
24,23
2,709
10,461
22,89
24,29
20,154
7,558
8,527
14,342
25,3
8,535
16,287
23,70
3,691
9,506
22,103
24,42
3,694
11,447
23,75
4,666
11,452
12,422
3,709
7,585
23,89
24,58
1,773
23,93
2,745
26,1
18,250
24,66
1,780
12,439
16,315
9,533
24,68
23,101
25,39
7,598
25,42
9,539
2,757
19,230
11,479
5,666
2,761
11,487
1,799
14,396
19,242
23,118
7,615
12,461
2,772
6,648
15,369
3,745
7,624
8,593
22,161
25,68
8,596
26,39
10,536
26,40
11,508
12,478
15,385
25,75
14,417
18,295
25,78
6,669
24,113
23,145
16,365
20,242
2,802
22,183
3,773
19,277
26,61
20,248
17,342
1,839
23,158
25,96
12,501
14,439
8,627
9,597
22,195
24,134
9,600
23,166
16,384
17,354
19,295
1,855
7,669
23,174
2,826
26,82
6,703
23,181
28,26
25,120
16,401
1,868
9,621
20,281
25,130
20,287
7,691
23,195
18,352
22,228
26,104
25,136
17,385
22,230
7,696
8,666
18,358
20,297
8,670
27,85
2,862
15,459
22,242
24,181
7,709
24,183
5,773
16,433
16,434
6,745
19,342
27,101
13,536
27,102
27,103
22,259
26,135
16,447
9,665
8,699
1,917
1,920
15,489
26,148
8,709
12,585
22,277
24,215
27,122
3,869
7,745
20,342
11,624
12,593
27,130
15,503
22,286
26,162
22,287
9,691
23,259
24,228
28,104
18,415
22,291
7,757
14,540
20,354
29,75
1,944
10,665
16,480
7,761
10,669
12,607
22,297
18,422
26,174
27,144
9,704
16,487
29,85
28,118
15,522
22,308
23,277
25,216
12,622
23,281
22,313
29,96
12,624
14,562
18,439
27,161
25,224
18,442
23,287
29,101
23,288
1,972
28,135
25,229
8,757
20,385
27,168
30,75
2,944
11,665
7,791
18,450
11,669
23,297
2,949
19,422
2,951
24,269
28,145
26,208
9,736
30,85
27,180
1,987
10,709
14,585
8,772
25,249
24,282
14,593
3,935
18,470
19,439
31,67
11,688
23,318
26,225
8,784
2,971
30,103
18,478
24,292
12,666
16,544
28,172
3,949
16,546
20,422
7,826
11,703
15,579
22,362
25,269
15,580
18,487
28,178
6,863
14,615
19,461
33,30
10,745
14,622
33,33
34,2
8,810
1,1028
2,997
24,315
29,161
2,999
24,317
17,536
3,971
31,103
12,694
26,262
25,297
30,144
22,393
3,984
15,612
22,396
28,212
12,709
16,585
20,461
14,648
15,617
2,1023
3,992
15,620
18,527
7,869
27,249
31,125
28,219
32,96
16,593
15,625
2,1030
3,999
25,318
2,1032
9,816
15,631
18,539
20,478
23,385
24,354
14,665
33,78
11,761
14,669
34,49
26,298
28,237
27,269
2,1045
22,426
23,395
11,772
1,1083
3,1023
8,868
19,527
33,93
12,745
28,250
16,624
4,999
10,814
14,691
19,536
33,103
33,104
14,694
35,43
5,974
26,324
11,791
22,450
6,949
18,577
32,144
6,951
14,703
3,1045
9,861
29,242
18,585
22,461
26,337
35,58
12,772
34,92
2,1085
37,1
1,1120
18,593
20,531
7,935
35,69
31,194
20,536
6,971
37,11
24,415
25,384
28,291
31,198
33,136
23,447
36,44
3,1068
16,665
15,699
34,110
7,948
18,607
37,18
7,949
15,701
34,113
7,951
33,145
15,704
22,488
24,426
25,395
30,242
1,1142
6,987
10,863
37,26
34,120
25,401
24,433
33,154
6,992
24,434
30,248
10,869
8,932
38,3
6,997
6,999
18,627
22,503
31,225
37,39
2,1125
31,226
2,1126
22,506
16,694
7,974
33,168
17,666
2,1132
9,915
37,47
15,731
24,452
16,703
30,269
37,52
37,53
25,426
36,85
24,459
33,180
2,1142
3,1111
11,863
20,585
22,524
30,277
34,153
18,650
7,992
25,434
31,249
15,747
39,3
25,439
15,751
25,442
31,256
22,536
3,1126
16,723
36,104
39,11
1,1190
2,1159
22,539
22,540
37,75
25,450
39,16
26,420
30,297
18,670
37,85
39,23
18,675
39,25
12,863
36,120
19,648
7,1023
12,869
29,342
40,1
8,995
22,562
23,531
10,935
14,814
37,101
3,1159
29,354
6,1068
27,417
34,200
38,78
16,761
2,1197
10,949
23,546
27,422
14,826
37,113
10,951
36,145
7,1045
25,487
11,922
25,488
35,178
1,1235
15,802
20,648
16,773
37,122
40,29
40,31
2,1210
7,1055
23,559
15,810
1,1246
22,598
4,1159
18,725
23,570
25,508
18,726
29,385
30,354
7,1068
16,790
24,543
3,1197
19,703
38,114
40,52
10,984
18,736
18,737
22,613
31,334
40,55
23,583
6,1111
2,1236
19,709
27,461
39,89
25,524
40,60
26,495
28,433
10,992
22,620
39,93
14,869
18,745
37,156
38,127
25,531
10,997
12,935
22,625
38,130
10,999
22,627
23,596
22,628
23,598
25,536
6,1126
5,1159
33,291
37,167
38,136
11,974
25,540
2,1254
37,172
15,855
12,949
25,546
16,826
26,516
38,145
22,642
23,612
26,519
3,1233
23,613
22,645
1,1297
7,1111
37,181
3,1236
15,864
20,709
23,617
33,308
19,745
25,559
32,342
35,249
38,156
9,1057
35,252
27,501
38,161
39,130
35,256
7,1125
12,971
22,661
23,632
12,974
28,478
9,1068
22,666
28,480
7,1132
26,543
36,234
30,422
34,298
39,143
40,112
3,1260
37,206
39,144
8,1106
31,395
38,178
25,582
38,180
40,118
2,1297
24,615
22,678
9,1082
18,803
19,773
40,122
12,992
35,279
40,126
1,1336
3,1274
22,686
24,624
12,997
23,656
26,563
30,439
37,223
8,1123
12,999
11,1032
25,598
9,1095
23,661
28,506
39,165
35,290
36,259
37,228
22,694
32,385
10,1068
14,948
44,18
6,1197
27,546
18,827
22,703
28,517
36,269
11,1045
24,645
2,1328
30,461
20,773
36,277
44,29
9,1115
23,681
38,216
12,1023
2,1334
18,839
27,562
34,345
26,595
28,535
28,536
24,661
37,260
40,167
28,540
30,478
44,44
11,1068
26,607
7,1197
27,577
32,422
37,269
12,1045
14,984
16,922
40,178
18,862
3,1328
10,1111
1,1393
37,279
12,1055
15,962
46,1
37,281
5,1274
15,964
40,189
43,96
27,593
40,190
32,439
24,688
44,68
39,224
20,814
34,380
45,39
27,598
28,567
29,536
31,474
22,754
23,723
37,290
38,259
44,73
45,42
46,11
23,725
9,1160
37,292
10,1132
37,297
16,949
25,670
33,422
34,393
24,704
25,675
39,242
19,863
27,615
28,584
40,212
28,585
26,648
1,1424
38,277
12,1085
30,527
36,341
7,1241
23,745
15,994
40,219
46,33
22,778
22,780
34,409
14,1030
40,224
8,1217
44,101
22,784
47,11
10,1159
34,415
23,757
34,417
11,1132
15,1008
45,78
23,762
35,390
16,982
39,269
44,114
1,1448
47,22
1,1449
31,520
16,986
22,800
12,1111
28,615
40,244
45,89
27,648
23,773
3,1394
8,1241
14,1055
26,684
39,281
45,95
16,995
23,778
33,470
39,287
37,350
37,352
25,726
39,292
47,44
14,1068
18,944
28,634
34,448
34,450
39,295
3,1412
25,731
34,452
37,360
2,1446
8,1260
22,826
28,640
7,1292
44,145
2,1448
25,736
9,1233
23,799
37,365
15,1048
2,1452
3,1421
6,1328
8,1267
15,1051
39,307
36,401
14,1085
16,1023
46,93
28,652
38,342
6,1335
9,1242
44,161
47,68
17,999
22,844
37,379
2,1465
39,318
8,1280
10,1218
16,1032
27,691
32,536
23,817
24,786
27,694
40,291
15,1067
44,168
27,696
26,728
31,574
25,761
34,483
6,1352
19,949
3,1446
19,951
3,1448
48,53
37,395
7,1328
8,1297
18,987
31,585
2,1485
29,648
33,524
44,183
40,308
7,1334
16,1055
7,1335
15,1087
48,64
35,468
6,1368
48,66
20,935
25,780
46,130
45,162
45,165
46,135
47,104
19,974
22,881
38,385
29,665
29,666
11,1225
36,450
28,701
33,546
35,484
10,1260
37,423
44,206
2,1509
20,951
26,765
12,1200
19,984
5,1420
11,1234
47,118
3,1485
9,1299
30,648
22,897
48,91
15,1116
19,992
37,434
8,1334
23,869
15,1118
10,1274
25,810
37,438
19,997
24,842
1,1556
24,844
12,1218
24,846
38,415
45,198
20,974
23,881
28,726
49,75
15,1130
30,665
38,417
16,1102
3,1506
22,917
30,669
37,452
38,422
3,1509
16,1106
20,984
49,85
12,1233
6,1420
15,1141
6,1421
20,987
11,1267
12,1236
23,896
7,1393
36,494
7,1394
15,1147
19,1023
20,992
8,1365
9,1336
49,96
33,593
20,997
37,470
37,473
52,8
33,598
9,1344
47,166
52,11
39,415
45,229
24,881
39,417
47,169
27,791
34,574
7,1412
23,917
33,607
9,1353
12,1260
23,919
33,609
22,951
6,1448
14,1200
24,890
2,1573
16,1139
26,830
34,583
1,1607
7,1421
10,1328
11,1297
27,802
30,709
38,461
32,648
47,183
18,1083
46,216
20,1023
14,1210
29,745
53,1
33,622
52,33
12,1274
49,127
52,34
8,1399
18,1089
1,1617
39,439
15,1184
52,37
53,7
1,1620
14,1218
22,972
42,354
46,230
19,1068
23,944
38,479
23,945
32,666
17,1132
18,1102
45,265
10,1352
52,50
7,1446
24,919
27,826
49,144
7,1448
53,22
22,984
37,519
51,85
1,1636
7,1452
53,26
39,461
39,463
47,215
2,1611
49,154
15,1210
23,962
30,745
43,342
15,1211
40,437
48,189
51,96
54,3
8,1430
37,531
22,997
38,501
49,161
9,1403
15,1218
18,1125
39,474
46,259
17,1159
33,663
38,508
15,1222
34,633
37,540
40,447
43,354
45,292
20,1068
39,480
37,543
45,295
54,16
37,544
6,1506
25,917
16,1197
24,949
45,298
14,1260
6,1509
24,951
25,920
8,1448
15,1231
53,53
23,984
2,1637
2,1638
15,1235
27,863
7,1485
28,835
30,773
10,1394
53,61
54,30
31,744
37,558
3,1614
47,250
14,1274
11,1368
36,593
53,66
28,842
40,470
11,1370
40,473
48,225
33,691
19,1126
48,228
39,508
52,106
28,851
33,696
47,262
3,1627
38,543
52,109
53,78
45,327
48,234
53,79
7,1506
11,1383
12,1352
7,1509
18,1168
37,579
40,487
47,271
44,365
52,117
3,1637
10,1420
35,645
3,1638
10,1421
20,1111
16,1236
39,524
53,91
11,1394
24,992
47,279
12,1368
37,593
39,531
48,252
42,439
26,936
40,502
1,1712
35,658
53,101
14,1311
38,567
26,941
48,259
19,1159
36,633
22,1068
2,1690
9,1473
20,1132
54,78
56,16
35,669
47,297
3,1663
10,1446
53,113
8,1510
10,1448
18,1200
6,1573
9,1481
7,1544
38,583
2,1700
29,863
37,615
40,522
36,647
2,1702
1,1734
11,1424
32,773
48,277
53,122
36,650
56,30
22,1085
35,682
37,620
49,248
54,93
8,1520
14,1334
29,869
33,745
49,249
2,1707
25,995
48,282
54,96
2,1709
43,439
2,1712
53,132
54,101
1,1745
2,1714
38,598
54,102
3,1685
20,1159
45,384
44,416
52,168
36,665
44,417
48,294
40,543
45,388
8,1536
12,1412
27,948
36,669
19,1197
26,980
39,577
46,360
36,671
22,1106
40,548
7,1573
40,550
55,85
8,1544
12,1420
39,583
12,1421
18,1235
30,863
39,584
33,773
54,122
34,743
44,434
11,1458
30,869
38,622
49,281
57,33
9,1522
17,1274
53,158
3,1709
14,1368
2,1741
9,1524
28,935
37,656
44,439
9,1526
38,627
49,287
58,8
3,1714
25,1032
23,1095
37,661
9,1530
54,135
23,1097
49,291
53,167
3,1718
33,788
56,75
23,1100
28,945
22,1132
34,760
45,419
2,1753
52,203
10,1506
39,607
49,297
52,204
28,949
34,763
36,701
12,1446
15,1353
16,1322
54,144
10,1509
47,362
12,1448
40,581
56,85
3,1729
19,1233
46,396
6,1637
33,800
27,987
33,802
57,58
11,1485
15,1361
8,1579
24,1083
7,1611
14,1394
9,1550
11,1488
37,682
16,1334
7,1614
56,96
53,190
3,1741
23,1121
27,997
44,470
54,161
26,1030
35,751
33,814
56,101
58,39
20,1218
56,102
57,72
54,166
59,11
10,1531
22,1159
24,1097
46,415
52,229
16,1346
28,974
39,633
54,168
25,1068
7,1627
26,1038
3,1753
14,1412
3,1755
6,1663
3,1757
11,1509
18,1292
22,1168
29,951
37,703
8,1603
40,611
53,208
37,705
47,395
20,1233
7,1637
7,1638
52,243
45,461
12,1485
25,1083
3,1767
20,1241
32,869
2,1800
7,1645
8,1614
57,95
19,1274
56,127
57,97
3,1773
16,1370
38,688
53,224
15,1403
38,691
8,1622
57,103
40,631
56,135
11,1531
38,694
45,478
48,385
49,354
57,106
40,634
45,479
8,1627
57,109
58,78
57,110
26,1072
22,1197
26,1073
30,949
40,639
49,360
7,1663
8,1632
14,1446
18,1322
20,1260
52,268
56,144
15,1416
30,951
37,734
59,53
10,1573
35,800
25,1111
44,522
6,1704
15,1425
56,154
18,1334
27,1055
33,869
3,1800
6,1707
18,1335
45,498
36,778
37,747
53,251
15,1430
48,407
59,66
40,656
53,253
3,1804
39,688
48,409
56,161
57,130
2,1836
29,999
37,751
34,845
59,70
2,1838
16,1405
25,1126
38,723
53,258
7,1685
18,1344
54,228
59,73
12,1531
6,1718
30,974
40,664
47,447
48,416
49,385
54,230
8,1657
27,1068
40,665
57,138
36,791
48,419
39,699
40,670
61,19
15,1446
23,1198
40,671
5,1757
20,1292
2,1851
46,487
30,984
45,520
2,1854
53,273
56,180
39,709
7,1702
36,803
61,28
37,773
7,1704
34,867
29,1023
30,992
53,279
2,1861
38,745
51,342
3,1833
35,842
1,1897
7,1712
30,999
35,845
3,1838
7,1714
37,784
44,567
58,133
7,1715
57,166
45,539
7,1718
37,788
57,168
28,1068
49,417
6,1755
19,1352
32,949
49,422
6,1757
58,145
2,1882
3,1851
23,1231
24,1200
60,85
10,1637
17,1420
37,800
20,1328
22,1266
44,584
22,1267
37,802
38,772
47,494
59,122
56,216
1,1922
3,1861
35,869
40,715
22,1274
48,468
60,96
19,1368
7,1741
49,439
53,315
47,502
58,161
39,751
18,1403
37,814
53,318
26,1156
34,908
27,1126
34,909
61,72
40,724
56,228
58,166
59,135
14,1531
54,291
38,788
48,478
51,385
54,292
61,76
27,1132
39,761
54,297
7,1755
20,1352
25,1197
33,949
35,887
23,1260
7,1757
22,1292
47,517
62,52
40,736
8,1729
11,1636
18,1420
31,1017
38,800
56,242
2,1917
11,1638
24,1236
49,461
2,1919
54,307
58,183
39,773
19,1394
26,1177
37,836
63,30
2,1922
7,1767
47,527
33,962
40,745
12,1614
2,1926
16,1492
22,1306
46,562
48,500
44,625
6,1804
7,1773
28,1123
37,844
25,1217
22,1311
7,1777
15,1530
18,1437
45,600
27,1159
40,756
44,632
33,974
36,881
39,788
47,540
39,790
43,666
28,1132
62,78
37,854
40,762
1,1972
25,1229
45,609
56,269
39,799
53,365
19,1420
28,1141
46,583
3,1917
12,1638
23,1297
24,1267
37,864
46,585
3,1919
26,1207
56,277
10,1704
58,216
3,1922
45,620
62,93
45,621
54,342
7,1800
10,1707
12,1645
38,839
56,281
24,1274
7,1804
1,1991
15,1557
33,999
18,1465
64,39
6,1838
8,1777
29,1126
11,1685
16,1530
31,1067
56,292
63,75
11,1690
15,1566
29,1132
22,1350
57,265
45,638
56,297
12,1663
36,919
28,1168
19,1448
23,1325
48,550
63,85
8,1791
9,1760
44,675
58,242
20,1421
25,1266
26,1235
46,615
9,1763
18,1485
2,1982
37,897
59,215
11,1704
59,216
65,30
58,248
3,1954
14,1613
22,1365
55,342
11,1707
31,1087
39,839
58,250
2,1987
9,1770
23,1336
63,96
40,810
49,531
53,407
10,1741
45,656
7,1836
11,1712
39,844
45,658
7,1838
24,1311
31,1094
33,1032
49,536
30,1126
62,134
63,103
12,1685
35,972
29,1159
11,1718
31,1098
55,354
59,230
34,1006
27,1225
30,1132
52,450
23,1350
10,1755
23,1352
36,949
61,174
20,1446
24,1322
26,1260
37,919
36,951
3,1976
9,1791
11,1729
14,1636
7,1854
9,1792
14,1637
39,862
31,1111
47,615
27,1236
12,1702
3,1982
11,1734
42,773
47,618
28,1208
10,1767
4,1954
7,1861
56,342
12,1707
15,1614
35,994
58,281
3,1987
37,933
63,127
67,3
4,1957
11,1740
12,1709
47,624
62,159
57,315
10,1773
22,1401
9,1805
34,1031
58,287
33,1063
64,102
7,1870
48,600
57,321
30,1159
45,694
1,2059
12,1718
25,1315
48,602
53,447
65,75
7,1874
27,1254
37,944
54,417
61,200
57,326
67,16
53,451
59,265
46,669
22,1414
29,1197
34,1042
37,949
49,577
14,1663
25,1322
38,919
11,1757
16,1603
61,208
14,1666
44,736
40,861
46,675
66,55
18,1544
28,1234
59,273
6,1917
23,1390
25,1328
27,1267
66,58
24,1361
26,1299
48,617
1,2075
38,928
45,711
2,2045
22,1425
63,154
36,992
5,1954
26,1304
57,343
6,1926
23,1399
46,686
12,1741
16,1617
9,1835
10,1804
11,1773
40,874
52,502
57,347
61,224
54,442
65,101
64,133
8,1870
23,1405
65,103
14,1685
25,1344
15,1655
53,477
44,757
56,385
8,1874
18,1564
38,944
16,1627
25,1348
61,232
32,1132
66,78
12,1753
49,607
54,452
30,1197
38,949
20,1509
8,1882
61,239
5,1976
6,1945
23,1418
23,1419
29,1233
40,892
53,489
56,396
23,1420
28,1265
37,986
16,1638
49,615
2,2073
7,1919
18,1578
40,896
39,928
40,897
14,1704
68,30
7,1922
12,1767
6,1954
58,342
16,1645
39,932
49,622
59,313
61,251
6,1957
14,1709
25,1368
55,439
8,1897
12,1773
14,1712
36,1030
62,224
18,1589
27,1311
30,1218
12,1777
33,1126
38,971
45,754
26,1344
20,1531
32,1159
53,508
1,2121
14,1718
48,664
54,478
58,354
64,168
67,75
28,1285
36,1037
54,479
44,790
48,666
1,2124
33,1132
37,1008
67,78
62,234
37,1010
40,917
1,2127
25,1383
2,2097
29,1260
35,1074
65,144
13,1757
24,1416
35,1075
39,951
23,1448
7,1945
19,1573
38,984
53,519
67,85
24,1419
30,1233
33,1140
58,365
17,1637
26,1358
24,1421
44,803
49,648
52,557
65,154
7,1953
57,403
36,1055
39,962
42,869
2,2110
12,1800
18,1614
27,1335
40,932
47,715
15,1708
29,1274
38,995
67,96
7,1957
34,1120
44,810
14,1741
37,1028
38,997
56,439
65,161
23,1465
34,1124
62,256
67,101
67,102
47,723
24,1437
39,972
44,817
45,786
63,228
47,725
54,508
58,384
37,1036
15,1719
18,1627
45,790
49,666
52,574
66,140
68,78
22,1506
35,1103
49,669
7,1972
32,1197
45,794
53,546
57,422
30,1260
34,1136
22,1509
28,1323
47,734
11,1851
7,1976
58,395
45,799
59,365
11,1854
25,1420
37,1048
45,800
25,1421
15,1734
25,1424
36,1083
53,556
62,277
67,122
37,1053
9,1922
39,992
63,248
22,1520
24,1458
37,1055
40,962
60,342
39,994
48,715
52,591
7,1987
68,96
70,34
24,1461
54,531
9,1927
61,315
31,1246
34,1153
61,317
7,1992
45,814
68,101
15,1745
38,1032
11,1870
39,1002
68,103
22,1530
40,972
67,135
18,1655
31,1252
40,973
58,415
8,1966
24,1470
35,1129
46,788
47,757
60,354
45,820
58,417
26,1411
45,822
54,543
57,450
44,854
58,422
33,1198
67,144
45,827
49,703
63,269
23,1510
56,487
58,426
61,333
66,178
24,1481
32,1233
40,986
3,2134
10,1917
49,709
26,1423
51,648
63,277
26,1425
67,154
24,1488
14,1800
45,839
63,281
48,747
22,1554
47,779
16,1741
23,1524
36,1121
47,780
14,1804
15,1773
61,347
36,1123
40,999
58,442
16,1745
38,1063
12,1870
24,1498
26,1436
27,1405
65,228
68,136
60,385
65,230
67,168
18,1688
22,1564
14,1813
20,1627
51,666
36,1132
48,761
58,452
63,297
66,204
29,1352
2,2190
32,1260
33,1229
56,516
16,1757
64,269
39,1045
10,1945
54,582
20,1637
22,1575
23,1544
53,614
54,583
65,242
11,1917
53,615
72,26
47,802
18,1702
22,1578
34,1206
3,2168
72,29
40,1022
52,650
25,1488
45,868
65,248
66,217
10,1954
49,745
32,1274
34,1212
48,778
10,1957
14,1833
54,593
70,97
16,1773
37,1122
66,224
72,39
56,536
9,1994
18,1717
45,880
48,787
64,291
39,1067
53,633
56,540
39,1068
15,1813
16,1785
30,1352
20,1663
66,237
17,1757
53,641
57,517
53,642
10,1976
16,1790
57,519
58,488
70,116
73,23
22,1605
37,1140
48,799
37,1141
11,1948
27,1452
54,615
18,1732
12,1919
23,1578
49,772
10,1982
18,1734
58,494
65,277
73,29
11,1952
19,1704
9,2015
12,1922
14,1861
63,342
22,1614
31,1335
65,281
12,1926
15,1833
30,1368
56,562
72,66
60,439
64,315
18,1742
23,1587
53,657
27,1465
31,1341
53,659
65,287
38,1125
22,1622
66,258
20,1685
73,42
53,663
58,508
66,260
19,1718
24,1564
61,417
66,262
36,1193
38,1132
49,791
65,295
74,16
18,1755
63,360
35,1229
33,1292
39,1106
44,951
58,519
23,1605
38,1140
56,582
15,1854
29,1420
67,242
6,2134
22,1638
28,1452
29,1421
33,1297
39,1111
56,585
57,554
5,2168
20,1704
30,1394
74,30
18,1767
66,279
67,248
12,1954
15,1861
67,249
1,2296
7,2110
20,1707
61,436
11,1987
45,933
19,1741
48,842
52,718
23,1618
26,1525
35,1246
44,967
70,161
73,68
39,1123
66,287
56,598
58,536
2,2273
35,1250
44,972
37,1190
54,663
3,2245
20,1718
63,385
1,2308
23,1626
45,944
7,2124
8,2093
36,1225
45,946
73,78
1,2311
9,2065
12,1972
19,1755
57,577
58,546
49,826
2,2284
46,920
67,269
1,2316
29,1448
12,1976
73,85
16,1854
23,1637
24,1606
30,1420
7,2134
14,1917
24,1607
56,615
62,429
2,2290
61,461
6,2168
12,1982
46,928
51,773
66,309
19,1767
24,1612
40,1116
53,713
58,558
59,527
24,1613
61,466
65,342
66,311
2,2296
53,715
12,1987
28,1492
32,1368
57,594
19,1773
24,1618
75,37
70,193
12,1992
23,1651
62,442
67,287
75,39
17,1838
54,691
73,102
3,2273
37,1219
72,134
15,1902
76,11
23,1655
39,1159
67,291
48,881
61,478
65,354
22,1688
23,1657
2,2309
55,666
22,1690
40,1132
67,295
20,1753
46,948
67,297
33,1352
54,701
65,360
72,143
24,1632
30,1446
1,2346
46,951
38,1200
66,333
48,892
58,582
27,1544
37,1234
1,2351
8,2134
54,709
58,585
29,1485
56,648
1,2354
31,1424
68,277
14,1952
32,1394
47,929
48,899
70,217
14,1954
46,962
61,497
22,1707
34,1335
45,994
75,64
15,1926
22,1709
75,66
26,1586
63,439
19,1804
20,1773
66,347
68,287
74,101
35,1311
60,536
73,133
74,102
25,1622
48,909
62,475
74,103
34,1344
45,1004
65,385
23,1688
37,1254
53,759
70,232
40,1163
47,946
48,915
2,2342
1,2375
47,949
62,485
73,144
73,145
76,52
3,2318
26,1605
38,1233
62,489
32,1420
8,2165
58,615
72,181
38,1236
63,461
26,1609
30,1485
16,1920
74,122
23,1704
6,2233
18,1861
38,1241
9,2141
73,158
74,127
75,96
15,1957
36,1306
58,624
59,593
46,997
64,439
20,1804
38,1246
40,1184
76,68
78,7
39,1217
19,1838
39,1218
40,1187
45,1032
57,660
61,537
2,2367
3,2336
31,1468
52,817
74,135
1,2399
25,1655
40,1190
8,2183
54,757
63,478
73,168
37,1285
45,1037
26,1628
28,1566
42,1132
48,946
52,822
78,16
3,2342
7,2218
54,761
2,2375
40,1197
53,794
65,422
25,1663
75,113
30,1509
52,827
56,703
62,517
6,2254
23,1727
23,1729
67,365
1,2412
57,676
58,645
10,2134
16,1948
31,1483
38,1266
26,1639
56,709
2,2384
2,2385
18,1889
78,29
27,1611
37,1301
70,278
70,279
7,2233
39,1241
55,745
79,1
24,1707
44,1087
34,1398
75,127
53,810
61,562
76,97
49,935
58,656
65,439
18,1897
57,688
62,533
74,161
72,224
20,1838
46,1032
1,2429
3,2367
36,1344
30,1531
42,1159
7,2245
16,1966
36,1346
38,1284
53,819
57,695
67,385
74,168
2,2401
39,1254
47,1006
53,820
66,419
75,140
78,47
79,16
52,854
37,1320
16,1972
49,949
75,143
33,1446
28,1602
37,1323
38,1292
49,951
7,2254
24,1727
64,487
29,1573
62,550
58,675
52,862
74,180
11,2134
15,2010
33,1452
40,1235
65,461
18,1919
32,1485
63,524
10,2168
18,1920
19,1889
52,866
55,773
14,2045
37,1332
70,309
75,154
79,30
9,2201
15,2015
63,527
8,2233
17,1954
20,1861
69,342
80,1
12,2110
22,1800
37,1335
79,33
37,1336
17,1957
25,1709
38,1306
44,1120
63,531
66,439
70,315
22,1804
76,130
78,68
7,2270
25,1712
73,224
26,1683
39,1280
58,691
63,536
2,2428
7,2273
16,1994
49,971
4,2367
53,848
22,1810
64,508
73,229
61,602
69,354
79,44
6,2308
28,1626
8,2247
22,1813
23,1782
59,666
34,1442
36,1380
45,1102
56,761
75,172
2,2436
57,731
79,49
9,2221
52,888
54,826
76,144
39,1292
57,734
58,703
72,269
79,52
22,1820
17,1976
30,1573
67,426
80,23
1,2473
25,1729
34,1450
53,861
1,2475
58,708
47,1050
61,616
79,58
37,1361
60,648
20,1889
57,742
36,1394
67,433
75,185
76,154
49,992
59,682
2,2450
38,1334
7,2296
38,1335
54,839
19,1926
78,97
15,2051
22,1834
25,1741
49,997
6,2331
23,1804
79,68
3,2425
70,348
79,69
55,814
79,70
80,39
2,2458
61,629
64,536
72,288
3,2428
58,723
5,2367
6,2336
73,259
80,42
28,1655
48,1035
62,601
69,385
7,2308
28,1657
45,1130
9,2247
48,1040
61,637
73,265
76,172
2,2467
45,1134
52,917
38,1352
72,298
39,1322
52,919
75,206
77,144
78,113
47,1075
53,890
19,1945
7,2318
45,1141
74,242
2,2475
28,1669
36,1421
56,802
63,585
67,461
31,1578
53,896
37,1393
52,928
66,494
73,277
16,2045
27,1704
37,1394
3,2449
20,1922
64,558
10,2233
19,1954
22,1861
31,1582
74,249
27,1707
39,1335
48,1056
53,902
70,375
19,1957
57,779
65,531
7,2331
25,1773
37,1401
77,161
80,68
23,1836
27,1712
40,1309
56,814
73,287
23,1838
26,1745
46,1125
48,1063
65,536
23,1839
27,1715
57,785
2,2491
35,1468
57,787
48,1067
51,974
67,478
67,479
70,387
6,2372
48,1070
80,78
7,2342
16,2063
37,1412
48,1071
58,761
3,2467
25,1785
47,1103
68,452
82,18
37,1414
75,236
79,112
45,1167
15,2098
59,734
62,641
74,269
79,114
8,2316
22,1882
49,1045
67,487
19,1976
20,1945
22,1883
32,1573
35,1480
52,953
3,2473
8,2318
46,1140
30,1637
75,242
14,2134
52,956
16,2073
27,1732
79,120
7,2354
13,2168
19,1982
38,1393
53,928
75,246
18,2015
70,403
82,31
11,2233
25,1800
74,281
78,158
63,624
27,1741
67,501
69,439
73,315
15,2115
34,1526
36,1464
36,1465
82,39
14,2148
44,1218
64,598
66,536
75,257
9,2304
80,103
8,2336
26,1778
45,1190
48,1097
52,973
53,942
70,415
78,167
11,2245
35,1502
49,1068
61,697
15,2124
44,1225
40,1350
31,1630
48,1103
62,669
8,2344
27,1755
62,670
37,1446
67,516
79,144
54,920
40,1355
44,1231
52,983
20,1976
33,1573
44,1233
52,985
57,830
8,2351
56,863
35,1515
58,802
65,585
80,120
63,648
67,524
74,307
14,2168
22,1920
62,680
18,2045
39,1394
75,278
82,61
27,1767
36,1488
61,713
66,558
67,527
40,1365
53,962
56,869
73,342
62,684
43,1274
31,1647
48,1120
64,624
9,2331
23,1897
28,1742
11,2270
18,2053
64,627
75,286
79,162
26,1806
52,1000
25,1838
26,1808
27,1777
12,2245
29,1718
48,1129
77,230
82,75
44,1254
54,944
63,665
63,666
70,450
84,16
26,1815
28,1753
34,1568
46,1197
47,1166
14,2190
44,1260
58,826
11,2284
28,1757
12,2254
78,208
57,860
68,519
79,178
15,2163
32,1637
48,1141
59,800
23,1917
26,1824
39,1421
49,1111
11,2290
57,864
79,182
23,1919
73,369
60,773
16,2138
19,2045
22,1952
30,1704
39,1425
45,1239
57,869
80,156
27,1800
30,1707
38,1459
84,33
53,995
82,96
85,3
9,2360
28,1771
39,1430
65,624
27,1804
78,223
7,2425
9,2363
12,2270
75,317
31,1683
34,1590
44,1280
12,2273
49,1126
54,971
75,320
82,103
7,2429
10,2336
78,228
52,1035
66,601
30,1718
72,416
74,354
83,75
45,1254
53,1006
8,2402
11,2309
27,1813
68,543
15,2187
25,1877
36,1536
6,2467
70,484
66,609
82,113
18,2098
29,1757
56,920
61,765
63,703
54,984
70,488
80,178
83,85
6,2473
9,2381
35,1575
46,1234
61,769
6,2475
8,2413
54,987
79,212
9,2383
67,585
38,1485
65,648
25,1889
59,835
20,2045
34,1611
79,216
7,2449
29,1767
15,2202
16,2171
52,1055
66,621
48,1180
59,839
77,281
62,747
83,96
6,2484
38,1492
40,1430
66,624
67,593
25,1896
30,1741
54,997
57,904
70,501
82,130
16,2177
77,287
78,256
27,1838
68,567
69,536
34,1622
45,1281
75,351
78,259
40,1438
49,1159
14,2245
47,1222
53,1036
55,974
74,385
75,354
12,2308
56,944
65,665
73,417
57,914
65,666
10,2372
77,295
30,1753
79,234
7,2467
38,1506
56,948
40,1445
70,515
16,2190
40,1446
46,1260
70,517
27,1851
40,1449
55,984
57,922
73,426
7,2473
12,2318
61,799
68,582
34,1637
37,1544
68,583
7,2475
22,2010
34,1638
67,615
79,244
84,89
15,2229
53,1051
17,2168
25,1920
18,2138
78,278
25,1922
30,1767
63,745
79,249
32,1707
57,932
44,1336
82,158
7,2484
39,1492
68,593
26,1896
70,532
29,1804
30,1773
14,2270
54,1030
80,224
87,8
52,1094
75,381
14,2273
39,1498
51,1126
7,2491
11,2367
22,2026
80,229
53,1067
59,881
64,726
80,230
27,1874
38,1533
61,820
74,417
40,1473
62,791
73,450
7,2498
73,452
78,297
18,2158
74,422
22,2035
68,609
58,920
65,703
18,2162
25,1945
57,953
66,674
36,1605
48,1233
75,396
36,1606
42,1420
19,2134
23,2010
61,832
14,2290
73,461
11,2384
48,1237
67,648
82,183
24,1982
63,773
25,1952
83,154
8,2480
35,1643
55,1023
79,279
28,1861
45,1334
77,342
20,2110
78,313
8,2484
68,624
23,2021
30,1804
57,967
10,2425
49,1218
76,381
8,2491
12,2367
39,1530
84,135
88,11
47,1284
73,478
77,354
39,1533
67,665
14,2309
37,1596
67,666
73,480
12,2372
80,265
8,2498
67,669
36,1632
32,1757
76,393
53,1107
73,487
26,1945
38,1573
73,488
86,85
14,2318
33,1729
37,1605
40,1512
49,1233
28,1885
37,1606
88,25
20,2134
23,2041
44,1390
18,2197
19,2168
35,1672
80,277
26,1952
37,1611
47,1301
82,216
88,30
10,2449
27,1922
53,1116
54,1085
49,1241
15,2296
46,1335
47,1304
62,839
25,1987
48,1274
79,313
85,127
86,96
39,1554
44,1399
45,1368
47,1306
14,2331
24,2021
84,161
26,1960
56,1030
73,503
79,317
36,1651
63,814
30,1838
56,1032
67,691
78,350
58,971
14,2336
15,2305
78,352
82,228
67,694
73,508
70,602
88,44
67,696
68,665
15,2309
40,1534
57,1008
64,791
72,543
11,2435
18,2218
68,669
80,297
59,949
78,360
15,2314
40,1539
63,826
87,85
10,2473
44,1419
75,459
26,1979
58,987
49,1267
52,1174
67,709
39,1578
64,803
69,648
80,307
14,2354
20,2168
29,1889
80,308
27,1952
38,1611
62,867
84,185
11,2449
72,558
73,527
75,465
87,93
11,2450
56,1055
79,342
82,249
27,1957
58,997
74,501
15,2331
32,1804
33,1773
24,2053
37,1651
88,70
45,1404
54,1125
68,691
73,536
75,474
87,102
12,2428
26,1994
54,1126
12,2429
15,2336
82,259
83,228
52,1190
73,539
74,508
78,384
11,2462
45,1408
79,354
83,230
36,1688
56,1068
75,479
18,2247
38,1627
47,1348
14,2372
65,791
76,450
24,2063
37,1660
66,761
11,2467
16,2313
27,1972
46,1383
53,1166
77,422
78,391
26,2004
84,206
34,1757
59,982
78,393
87,114
67,736
11,2473
16,2318
48,1326
54,1140
76,458
45,1420
72,583
15,2351
62,894
63,863
26,2011
34,1763
61,926
78,399
74,524
79,369
26,2013
30,1889
34,1765
78,401
22,2138
25,2045
82,278
12,2449
29,1922
56,1085
58,1023
82,279
83,248
12,2450
16,2326
19,2233
52,1210
80,342
48,1335
34,1770
35,1739
48,1336
57,1057
87,127
11,2484
39,1617
70,656
77,439
16,2331
48,1339
87,130
36,1712
91,8
32,1838
73,567
79,381
14,2397
18,2273
88,103
26,2026
28,1965
53,1190
68,725
87,136
78,416
33,1813
46,1412
12,2467
68,731
73,577
74,546
65,826
40,1602
88,114
19,2254
22,2162
29,1945
79,395
89,85
25,2070
72,614
73,583
12,2475
23,2134
30,1917
56,1111
66,801
70,677
52,1236
73,585
77,461
79,399
15,2385
36,1734
67,773
83,277
53,1208
62,929
26,2046
29,1954
48,1365
58,1055
68,745
26,2048
49,1335
51,1274
89,96
12,2484
29,1957
33,1833
79,407
24,2115
57,1092
26,2054
28,1992
40,1620
53,1217
78,442
83,287
37,1714
56,1125
78,443
14,2428
56,1126
16,2367
87,166
35,1779
39,1655
55,1159
83,291
45,1470
18,2308
39,1657
58,1068
88,138
56,1132
62,946
83,295
92,16
18,2311
35,1785
44,1506
57,1103
91,49
36,1755
49,1352
57,1104
74,577
18,2314
22,2190
52,1260
73,609
88,144
25,2098
47,1416
34,1820
54,1200
23,2162
30,1945
80,395
34,1822
61,985
78,458
87,180
15,2413
24,2134
46,1452
65,863
73,615
74,585
76,524
47,1424
75,556
80,401
18,2324
22,2200
79,433
35,1798
36,1767
14,2450
30,1954
65,869
66,838
46,1459
70,715
44,1522
88,158
36,1771
45,1492
48,1399
63,935
68,780
78,470
26,2083
91,68
23,2178
34,1837
14,2458
24,2148
54,1218
88,165
90,103
17,2367
18,2336
66,848
16,2399
34,1841
36,1779
45,1500
52,1283
56,1159
73,632
80,415
38,1718
57,1129
61,1005
68,788
16,2401
33,1874
68,790
17,2372
25,2124
54,1225
18,2342
15,2436
63,948
74,607
93,18
25,2127
55,1197
63,949
53,1260
67,826
62,982
63,951
73,642
62,984
24,2163
54,1233
76,551
53,1265
54,1234
68,800
93,25
26,2103
57,1142
20,2290
48,1422
34,1857
39,1702
46,1485
70,741
77,524
69,773
79,463
92,60
37,1766
49,1394
15,2449
40,1674
46,1488
77,527
80,434
22,2233
83,342
34,1862
59,1087
67,839
37,1770
79,468
14,2484
40,1678
38,1741
45,1524
80,439
53,1277
58,1122
58,1123
82,379
22,2240
68,814
93,39
63,971
14,2491
16,2429
18,2367
57,1158
39,1717
76,570
61,1036
63,974
83,354
20,2308
34,1874
73,665
40,1690
80,450
94,16
28,2063
40,1691
49,1412
70,761
72,699
14,2498
73,670
83,360
15,2469
68,826
90,144
15,2470
34,1881
36,1819
64,951
76,579
91,114
22,2254
35,1851
56,1200
44,1573
57,1170
63,984
78,519
55,1233
58,1140
42,1637
49,1420
23,2227
62,1018
63,987
82,398
54,1267
93,58
74,648
39,1734
75,618
29,2045
31,1983
66,898
94,30
45,1550
63,992
87,248
56,1210
27,2110
37,1800
76,591
85,312
57,1181
78,530
32,1957
33,1926
39,1740
48,1461
78,531
57,1183
65,935
20,2331
15,2487
70,782
79,503
85,317
40,1714
18,2397
57,1188
64,971
66,909
19,2367
20,2336
34,1902
36,1841
40,1717
48,1469
73,694
15,2493
23,2245
18,2401
80,479
82,417
18,2402
19,2372
56,1225
95,16
76,606
38,1785
52,1351
65,948
74,669
65,949
55,1260
79,516
37,1819
39,1757
53,1323
65,951
73,703
79,517
49,1448
26,2163
40,1729
47,1512
68,862
75,645
49,1452
54,1297
66,925
56,1236
35,1889
61,1083
87,277
30,2045
33,1952
52,1363
17,2449
63,1023
61,1086
78,559
22,2296
57,1211
64,994
53,1336
55,1274
33,1957
70,810
76,624
79,531
80,501
34,1928
75,657
45,1588
57,1217
62,1062
18,2427
31,2024
54,1311
61,1094
74,691
37,1839
65,971
79,537
92,134
16,2491
26,2182
38,1810
80,508
87,291
92,136
24,2245
31,2028
65,974
44,1626
47,1533
83,417
31,2030
66,945
75,666
20,2372
60,1132
79,543
36,1877
34,1940
54,1320
82,452
53,1352
58,1197
61,1104
91,174
93,112
76,640
74,703
88,269
37,1851
92,146
65,984
67,922
73,736
45,1605
44,1637
65,987
26,2197
74,709
93,120
48,1516
49,1485
91,183
36,1889
40,1765
57,1238
39,1797
40,1766
52,1394
64,1023
65,992
80,527
96,31
18,2450
54,1334
66,962
44,1645
54,1335
62,1087
78,591
40,1770
48,1522
22,2329
53,1368
80,531
65,997
67,935
83,439
40,1773
70,843
19,2425
65,999
18,2458
48,1528
66,970
79,567
52,1405
66,971
75,692
92,165
94,103
22,2336
26,2212
70,848
97,11
31,2058
57,1252
60,1159
18,2462
72,788
86,354
23,2308
63,1068
67,944
47,1566
97,16
45,1630
49,1506
67,948
93,142
54,1352
79,577
92,174
27,2190
44,1663
58,1229
85,392
24,2284
49,1509
67,951
79,579
92,176
25,2254
78,611
79,580
52,1418
23,2320
29,2134
79,584
37,1887
61,1143
76,678
85,399
77,648
23,2324
59,1208
18,2480
19,2449
45,1643
65,1023
78,620
90,248
19,2450
35,1954
36,1923
74,745
78,622
97,33
53,1398
96,65
98,3
39,1833
54,1368
62,1120
66,996
79,593
34,1989
62,1121
76,687
88,315
66,998
70,874
18,2487
84,442
39,1838
56,1311
66,1001
95,102
22,2366
59,1219
95,103
97,42
49,1531
36,1935
67,974
74,757
83,478
86,385
34,1998
58,1254
40,1813
77,666
73,791
98,16
23,2342
27,2218
36,1939
93,172
52,1444
77,669
78,638
97,49
22,2375
26,2252
70,888
82,516
93,175
94,144
25,2284
42,1757
45,1664
68,951
40,1820
52,1448
31,2100
52,1449
67,984
19,2473
47,1605
87,365
45,1668
48,1575
73,800
78,645
91,242
24,2320
30,2134
37,1917
48,1576
53,1421
61,1173
63,1111
67,987
96,88
58,1267
61,1174
91,244
31,2105
51,1485
73,803
79,617
29,2168
38,1889
23,2355
33,2045
57,1301
61,1177
52,1457
61,1178
67,992
88,341
20,2450
24,2326
27,2233
47,1613
25,2296
31,2110
52,1459
56,1335
79,622
58,1274
95,127
19,2484
64,1089
82,531
67,997
75,749
91,254
95,130
72,844
79,627
97,69
92,225
34,2024
44,1714
80,598
39,1870
68,971
78,661
33,2059
52,1470
78,664
22,2401
25,2308
61,1192
65,1068
25,2309
92,232
26,2279
63,1132
74,791
57,1320
66,1041
75,762
80,607
98,49
25,2313
56,1352
79,639
31,2128
78,671
23,2377
66,1044
76,734
96,114
26,2285
79,642
68,984
96,116
20,2473
33,2070
47,1636
82,551
87,396
22,2412
47,1637
48,1606
54,1420
59,1265
28,2227
37,1948
92,243
96,119
33,2073
44,1732
74,802
79,647
53,1454
75,772
23,2385
30,2168
54,1424
78,680
55,1394
96,123
65,1085
82,558
83,527
91,279
98,62
37,1954
89,342
93,218
73,839
98,64
76,747
20,2484
25,2329
37,1957
56,1368
66,1058
80,624
83,531
93,221
39,1896
68,997
86,439
52,1494
93,223
96,130
27,2270
36,1991
67,1030
45,1713
99,39
22,2428
26,2304
76,754
45,1716
23,2399
28,2244
37,1965
76,756
69,974
91,292
82,572
35,2030
62,1193
98,78
23,2404
40,1877
66,1071
48,1630
87,422
96,143
26,2314
47,1663
54,1446
26,2315
26,2316
34,2068
40,1882
54,1448
57,1355
80,642
87,426
26,2318
79,675
82,582
53,1482
95,180
38,1948
55,1421
64,1142
80,647
82,585
75,803
25,2354
56,1393
61,1238
56,1394
33,2108
38,1953
44,1767
92,279
98,93
22,2450
67,1055
70,962
73,869
27,2296
48,1645
58,1335
74,839
24,2390
25,2361
45,1741
76,780
98,99
68,1030
62,1217
87,442
42,1838
46,1714
25,2366
37,1994
52,1529
37,1995
98,104
61,1252
78,725
23,2431
26,2338
38,1966
84,540
89,385
90,354
35,2060
67,1068
75,820
88,417
92,293
48,1658
49,1627
58,1348
59,1317
65,1132
56,1412
84,544
61,1258
63,1197
83,577
97,143
47,1694
98,114
99,83
29,2254
55,1448
72,922
88,426
100,55
56,1420
76,800
82,614
99,87
49,1638
57,1390
53,1515
57,1391
83,585
87,461
37,2012
32,2168
45,1765
56,1424
72,928
77,773
87,463
95,216
22,2480
23,2449
39,1953
75,837
91,341
30,2233
39,1954
68,1055
74,869
91,342
97,156
49,1645
66,1118
25,2390
38,1987
48,1677
39,1957
40,1926
45,1771
58,1368
87,470
97,161
23,2456
36,2053
85,534
95,224
26,2364
25,2397
34,2118
40,1933
85,538
25,2399
65,1159
80,694
98,136
76,819
87,478
48,1688
26,2371
28,2309
87,480
23,2465
62,1256
99,110
22,2498
57,1413
73,917
83,607
88,452
93,297
26,2375
84,577
93,298
48,1694
49,1663
56,1446
73,919
98,145
37,2037
56,1448
99,115
33,2162
23,2473
36,2070
45,1791
63,1233
66,1140
84,582
25,2412
97,180
56,1452
67,1111
48,1701
55,1485
27,2354
33,2168
42,1889
58,1393
85,556
88,463
93,308
94,277
35,2107
58,1394
75,867
92,340
38,2015
75,868
54,1520
61,1303
63,1241
92,342
83,622
92,343
23,2484
52,1585
24,2454
34,2144
48,1710
89,439
93,316
25,2425
35,2115
76,844
52,1589
77,814
94,287
45,1807
76,846
44,1839
46,1777
58,1405
67,1126
80,723
96,227
98,165
25,2429
26,2398
27,2367
49,1685
57,1437
44,1841
91,384
94,291
28,2338
72,974
75,881
79,757
80,726
29,2308
45,1813
67,1132
73,948
84,607
34,2158
35,2127
65,1197
98,174
24,2469
36,2097
38,2035
62,1291
87,516
97,206
99,144
95,269
61,1325
91,396
54,1544
61,1327
24,2475
67,1142
40,1980
66,1174
49,1702
83,648
27,2385
31,2261
88,494
44,1859
49,1704
66,1177
99,154
25,2449
36,2108
26,2419
73,962
46,1800
49,1707
61,1335
95,281
39,2018
63,1274
24,2484
49,1709
57,1461
98,190
99,159
45,1834
57,1462
66,1183
72,997
84,625
54,1556
82,688
97,223
80,751
95,287
65,1218
79,784
87,536
93,350
99,164
66,1188
73,971
100,135
26,2430
45,1841
55,1531
57,1469
67,1159
82,694
91,415
38,2059
49,1718
87,540
27,2401
30,2308
38,2060
45,1843
83,665
83,666
99,170
52,1628
93,357
38,2063
80,761
24,2498
56,1506
62,1320
53,1600
97,237
46,1819
53,1602
63,1292
92,393
25,2471
54,1573
57,1480
73,984
38,2070
49,1729
65,1233
68,1140
25,2475
36,2134
68,1142
73,987
75,925
77,863
98,212
44,1887
57,1484
73,988
93,368
97,244
96,276
33,2230
40,2013
70,1083
48,1766
62,1332
78,836
91,433
52,1643
66,1209
70,1085
73,992
42,1954
47,1799
61,1365
77,869
87,559
94,342
57,1490
82,715
75,933
59,1430
88,531
49,1741
72,1028
73,997
75,935
30,2331
78,843
28,2394
53,1619
72,1030
98,224
34,2209
53,1621
83,691
87,567
40,2025
27,2429
29,2367
57,1499
47,1810
68,1159
83,694
85,632
100,167
33,2245
94,354
29,2372
76,917
62,1352
94,360
34,2221
65,1260
76,919
79,826
82,734
83,703
67,1200
72,1045
98,239
42,1976
55,1573
74,984
75,953
82,737
45,1885
60,1420
62,1358
61,1390
70,1111
74,987
87,584
83,709
36,2168
66,1238
66,1239
57,1519
74,992
78,868
96,310
99,217
43,1954
54,1613
75,962
82,745
53,1645
85,653
96,312
97,281
26,2483
43,1957
58,1492
88,562
74,997
49,1773
66,1246
70,1122
26,2487
73,1030
97,286
97,287
58,1498
61,1405
84,694
36,2183
59,1470
31,2339
32,2308
61,1409
84,696
96,324
53,1658
91,480
82,760
36,2187
44,1939
99,234
27,2467
28,2436
40,2065
63,1352
88,577
95,360
97,298
39,2097
68,1198
87,609
99,237
31,2346
39,2098
58,1509
76,951
68,1200
100,208
57,1542
91,488
54,1636
67,1233
88,582
96,334
54,1637
27,2475
52,1700
70,1142
86,648
91,494
97,308
99,246
100,215
40,2076
39,2108
98,279
37,2171
59,1489
67,1241
73,1055
83,745
33,2296
49,1800
97,313
87,624
61,1431
85,687
88,596
54,1651
62,1403
99,256
68,1218
78,908
82,784
96,351
27,2491
76,972
99,260
100,229
39,2121
57,1563
58,1533
86,666
37,2186
58,1535
36,2218
93,451
27,2498
64,1352
77,949
94,422
33,2314
45,1942
53,1694
51,1757
77,951
53,1696
56,1603
100,239
54,1666
84,736
33,2318
62,1421
65,1328
76,987
78,925
87,647
62,1424
63,1394
28,2480
29,2449
76,992
80,868
37,2202
61,1458
74,1055
84,745
31,2389
45,1955
56,1614
65,1335
34,2297
67,1274
45,1957
49,1833
92,500
31,2392
30,2425
38,2177
53,1713
91,535
100,256
61,1467
77,971
32,2367
48,1871
34,2306
40,2120
91,539
93,477
66,1315
77,974
82,819
40,2122
53,1719
58,1564
59,1533
78,944
95,417
87,666
32,2372
83,791
57,1598
63,1412
73,1102
97,358
52,1754
61,1475
78,948
65,1352
93,484
95,422
28,2500
53,1725
100,268
78,951
49,1851
57,1603
35,2286
77,984
29,2473
56,1636
48,1885
56,1638
62,1452
63,1421
77,987
35,2290
38,2197
97,369
30,2449
76,1023
77,992
91,558
30,2450
49,1861
40,2141
52,1770
93,499
33,2361
85,749
88,656
36,2270
57,1619
77,999
83,814
40,2148
67,1311
35,2304
36,2273
49,1870
88,661
93,506
39,2183
46,1966
47,1935
54,1718
53,1750
76,1037
40,2154
79,945
47,1939
75,1071
92,544
99,327
82,855
93,514
33,2375
46,1972
45,2004
80,919
83,826
72,1168
80,920
99,331
35,2316
63,1448
76,1045
80,922
93,519
99,333
47,1946
52,1791
73,1140
78,986
63,1452
67,1328
68,1297
73,1142
91,585
95,461
75,1082
89,648
38,2230
49,1889
53,1765
75,1083
44,2045
52,1797
53,1766
58,1611
65,1394
82,868
88,682
48,1923
58,1614
76,1056
96,436
46,1987
69,1274
30,2484
53,1771
93,531
99,346
100,317
84,814
51,1838
37,2273
58,1622
74,1126
35,2338
38,2245
82,881
33,2402
34,2371
38,2247
78,1008
39,2218
45,2032
80,948
91,607
34,2375
67,1352
80,949
92,577
100,329
58,1632
31,2470
35,2346
80,951
88,703
36,2316
62,1510
57,1666
60,1573
53,1791
57,1667
58,1636
46,2009
65,1420
65,1421
68,1328
75,1111
83,863
33,2414
37,2290
47,1980
63,1485
39,2230
49,1920
66,1394
49,1922
54,1767
48,1954
59,1613
66,1396
93,559
56,1707
100,343
37,2297
48,1957
75,1120
78,1028
79,997
95,501
66,1401
79,999
99,379
53,1806
58,1651
91,628
36,2334
62,1528
72,1218
97,443
33,2429
47,1995
48,1964
92,600
93,569
70,1283
88,725
36,2338
88,726
40,2215
31,2495
37,2309
98,419
36,2342
53,1815
88,730
54,1785
63,1506
82,917
90,669
61,1570
65,1446
98,423
36,2346
73,1200
49,1945
66,1419
78,1048
35,2383
56,1732
40,2229
95,524
96,493
42,2168
45,2075
53,1827
67,1394
33,2449
76,1116
80,992
40,2233
70,1303
84,869
57,1707
80,995
92,623
37,2329
40,2236
57,1709
70,1306
56,1741
79,1028
85,842
68,1370
72,1246
46,2053
57,1712
66,1433
80,999
98,442
79,1032
91,661
92,630
37,2336
59,1654
63,1531
80,1004
79,1036
87,788
38,2308
58,1688
76,1130
78,1068
79,1037
93,604
97,480
36,2372
53,1845
88,761
37,2343
75,1165
36,2375
37,2344
44,2127
74,1197
93,608
45,2097
59,1663
61,1601
64,1509
90,703
74,1200
82,953
97,488
100,395
87,799
91,675
57,1730
60,1637
62,1575
67,1420
87,800
37,2351
48,2010
73,1235
39,2290
35,2415
40,2260
65,1485
49,1982
88,773
37,2355
48,2016
64,1520
73,1241
74,1210
53,1862
79,1056
72,1274
98,468
33,2484
53,1864
58,1709
91,686
94,593
45,2113
47,2051
37,2362
55,1804
92,658
36,2395
49,1992
48,2024
54,1838
74,1218
79,1063
80,1032
58,1715
98,475
58,1717
82,973
93,632
92,664
39,2309
40,2278
77,1132
38,2342
40,2280
91,699
65,1506
66,1475
94,607
66,1476
83,949
95,577
48,2035
46,2098
65,1509
44,2162
63,1573
82,984
39,2318
47,2070
58,1729
74,1233
36,2412
64,1544
95,583
44,2165
91,708
74,1236
38,2354
84,928
98,494
66,1487
53,1891
44,2171
57,1768
62,1613
74,1241
40,2296
56,1800
59,1708
88,810
94,624
95,593
37,2392
39,2331
53,1897
93,658
98,503
37,2395
44,2178
55,1838
58,1745
62,1621
73,1280
36,2428
37,2397
62,1622
83,971
65,1531
79,1097
82,1004
44,2183
75,1222
83,974
91,726
48,2060
54,1874
80,1068
84,944
100,450
35,2467
57,1785
82,1010
38,2375
76,1197
92,701
47,2097
74,1260
35,2470
58,1757
98,517
62,1634
51,1976
62,1635
72,1325
96,581
98,519
37,2413
40,2320
53,1917
74,1267
37,2415
67,1485
75,1238
76,1208
62,1643
80,1085
61,1676
95,622
73,1306
80,1089
83,997
100,470
79,1122
56,1836
83,999
91,751
99,503
37,2427
59,1745
37,2428
38,2397
58,1777
85,940
91,754
100,475
85,941
38,2399
58,1779
61,1687
72,1346
73,1315
92,726
99,509
57,1812
98,542
36,2465
39,2372
79,1132
90,791
53,1939
39,2375
40,2344
53,1942
73,1322
76,1229
91,764
57,1819
67,1509
74,1292
78,1168
97,579
46,2162
36,2473
92,737
97,582
38,2412
40,2350
63,1637
44,2227
53,1948
63,1638
79,1142
61,1701
78,1174
82,1050
97,585
37,2447
39,2385
55,1889
58,1797
75,1270
54,1922
83,1023
96,620
98,558
73,1334
99,528
63,1645
64,1614
39,2390
91,778
92,747
53,1957
54,1926
61,1709
92,748
37,2454
57,1834
46,2177
96,627
90,814
92,752
96,628
45,2210
74,1311
77,1218
80,1125
85,970
45,2211
70,1437
85,972
67,1531
94,694
52,1997
78,1191
88,881
39,2401
39,2402
73,1348
92,759
38,2435
36,2498
45,2219
48,2126
68,1506
47,2158
57,1848
37,2469
45,2222
60,1757
82,1075
87,920
37,2471
93,735
47,2162
54,1945
97,612
57,1853
77,1233
100,520
67,1544
76,1265
97,614
98,583
74,1328
39,2414
54,1952
84,1023
38,2450
74,1334
77,1241
89,869
49,2110
58,1833
91,810
92,780
97,625
53,1991
97,628
70,1466
75,1311
84,1032
66,1591
37,2491
63,1685
100,538
68,1531
76,1284
86,974
97,633
83,1068
95,696
97,634
65,1627
47,2187
45,2250
54,1972
73,1383
74,1352
97,639
66,1601
76,1291
79,1198
91,826
91,827
58,1851
92,797
97,642
54,1976
70,1480
91,829
38,2473
40,2412
45,2257
53,2009
58,1854
65,1637
68,1544
49,2134
66,1607
95,709
97,647
61,1765
73,1393
78,1238
99,587
63,1704
73,1394
39,2449
70,1488
83,1085
46,2233
45,2265
63,1707
65,1645
77,1274
38,2484
56,1926
68,1554
74,1368
59,1834
70,1493
91,842
97,656
98,625
99,594
52,2052
53,2021
68,1557
86,999
54,1992
47,2210
53,2024
62,1745
91,846
61,1777
62,1746
79,1219
92,816
96,692
42,2367
44,2305
64,1685
70,1499
75,1344
100,569
99,601
52,2059
79,1222
40,2432
97,665
42,2372
79,1225
44,2311
45,2280
58,1877
73,1412
39,2467
39,2468
80,1197
88,949
97,670
53,2035
65,1663
98,640
45,2284
77,1292
46,2254
58,1882
44,2317
55,1976
56,1945
72,1449
45,2288
44,2320
56,1948
73,1421
76,1328
78,1266
83,1111
45,2290
96,710
52,2075
70,1517
84,1083
92,835
44,2324
74,1394
93,805
97,681
39,2480
56,1953
92,837
47,2233
67,1613
76,1334
95,745
79,1242
96,716
56,1957
63,1741
39,2486
58,1897
75,1370
57,1929
87,999
61,1806
80,1217
78,1281
43,2367
65,1685
76,1344
88,974
79,1256
83,1132
94,791
63,1753
74,1412
84,1102
62,1785
93,824
63,1755
39,2500
73,1446
79,1260
73,1448
96,735
97,704
100,611
56,1976
93,829
96,736
52,2101
67,1636
74,1421
77,1328
80,1235
92,863
88,988
96,740
56,1982
61,1827
65,1704
68,1611
40,2480
53,2078
62,1799
68,1613
80,1241
92,869
93,838
70,1552
56,1987
61,1832
79,1274
88,995
52,2112
64,1740
63,1773
52,2115
87,1030
56,1992
94,814
57,1962
79,1280
79,1281
96,754
83,1159
88,1004
93,849
45,2338
65,1718
89,974
54,2060
68,1627
70,1566
47,2280
61,1846
98,699
99,668
100,637
78,1321
46,2314
53,2097
74,1446
82,1198
94,826
100,640
85,1107
46,2317
44,2380
68,1636
68,1637
99,676
57,1979
74,1452
92,894
47,2290
54,2073
59,1919
99,679
51,2168
59,1920
76,1393
96,773
98,711
46,2324
53,2107
78,1332
42,2449
49,2233
58,1954
78,1334
61,1862
63,1800
73,1492
77,1368
79,1306
72,1524
63,1804
93,874
89,999
45,2364
44,2397
45,2366
76,1405
82,1219
90,971
67,1685
72,1530
96,786
68,1655
93,880
99,694
97,757
45,2371
54,2093
67,1690
72,1535
96,791
65,1753
98,730
73,1506
93,886
97,762
76,1414
83,1197
54,2097
92,919
95,826
65,1757
80,1292
91,951
98,734
49,2254
79,1325
99,705
69,1637
82,1234
85,1141
53,2134
67,1700
75,1452
80,1297
90,987
94,863
45,2383
66,1732
74,1485
97,772
87,1083
100,680
56,2045
67,1704
79,1332
88,1053
92,929
65,1767
70,1612
98,745
54,2110
67,1707
95,839
48,2297
58,1987
79,1336
67,1709
93,903
93,904
61,1897
65,1773
82,1246
49,2270
45,2395
44,2427
63,1838
83,1218
97,784
49,2273
57,2025
91,971
53,2150
52,2182
62,1873
67,1718
80,1315
97,788
68,1688
73,1533
82,1254
48,2309
64,1813
70,1629
100,699
47,2343
74,1506
93,917
79,1352
99,732
76,1446
79,1353
74,1509
84,1200
93,922
45,2411
67,1729
83,1233
72,1575
75,1482
45,2413
68,1700
95,863
45,2414
67,1732
83,1236
53,2168
90,1023
48,2326
60,1954
63,1861
83,1241
80,1335
93,932
46,2390
80,1336
91,995
45,2422
60,1957
68,1709
75,1492
91,997
48,2331
53,2176
65,1804
73,1556
76,1463
92,967
99,750
52,2208
47,2364
78,1403
97,814
98,784
52,2211
68,1715
70,1654
75,1500
86,1159
46,2401
49,2308
98,789
52,2216
70,1658
80,1348
84,1225
45,2435
67,1753
100,730
66,1785
85,1196
79,1383
77,1446
84,1229
96,857
88,1106
92,982
97,829
87,1140
78,1420
96,862
53,2196
55,2134
59,2010
72,1607
77,1452
85,1205
54,2168
63,1889
79,1394
91,1023
84,1241
83,1274
99,778
57,2081
65,1833
45,2454
92,997
94,935
67,1773
58,2053
72,1620
53,2210
75,1528
64,1870
67,1777
92,1002
87,1159
99,787
44,2493
97,851
98,820
88,1132
96,884
47,2404
68,1753
79,1412
97,854
94,948
93,981
68,1757
83,1292
93,982
94,951
95,920
73,1603
48,2379
47,2411
88,1140
66,1823
47,2413
53,2227
56,2134
63,1917
58,2073
62,1949
53,2229
77,1485
53,2230
55,2168
80,1393
96,897
98,835
62,1952
70,1704
79,1425
96,898
66,1829
92,1023
57,2109
65,1861
73,1614
99,808
100,778
63,1926
48,2392
67,1804
68,1773
97,874
96,906
72,1651
57,2118
89,1126
72,1654
48,2399
76,1531
93,1004
91,1067
52,2277
91,1068
52,2278
67,1813
73,1627
99,821
49,2372
58,2093
89,1132
93,1008
54,2218
59,2063
68,1785
95,949
100,794
87,1198
58,2098
69,1757
88,1168
95,951
87,1200
92,1046
82,1358
98,862
52,2289
73,1638
79,1452
83,1328
94,987
99,832
100,802
66,1857
56,2168
65,1889
80,1424
99,835
57,2138
58,2108
93,1023
94,992
66,1861
74,1613
79,1458
74,1614
83,1335
92,1056
53,2267
80,1430
92,1058
47,2454
46,2487
67,1836
73,1651
47,2458
100,817
88,1190
89,1159
68,1813
87,1225
47,2468
83,1352
56,2190
87,1229
97,920
96,952
98,890
63,1976
64,1945
70,1759
73,1666
67,1854
74,1637
78,1513
53,2289
65,1917
87,1235
66,1888
93,1051
98,896
63,1982
94,1023
99,869
53,2296
97,932
53,2298
62,2019
65,1926
75,1616
82,1399
83,1368
48,2454
100,842
62,2021
49,2425
68,1836
79,1495
47,2488
96,969
58,2148
82,1404
88,1218
49,2428
54,2273
67,1870
49,2429
51,2367
61,2057
47,2492
76,1593
72,1718
84,1346
73,1688
85,1316
51,2372
59,2124
91,1132
52,2342
82,1412
79,1506
82,1413
52,2345
75,1632
98,919
97,951
61,2068
48,2472
93,1077
58,2163
92,1109
68,1854
88,1234
73,1700
98,925
54,2290
80,1485
61,2075
93,1083
96,990
73,1704
83,1394
100,868
49,2450
56,2233
65,1954
78,1551
91,1148
97,962
54,2296
66,1924
75,1645
65,1957
78,1554
67,1896
57,2207
93,1091
99,905
52,2363
73,1712
92,1123
95,1030
64,1992
76,1620
52,2365
76,1621
95,1032
68,1870
76,1622
93,1095
74,1685
73,1717
56,2245
100,881
54,2308
76,1626
94,1068
98,945
78,1566
88,1256
92,1132
70,1815
79,1536
83,1412
49,2467
54,2314
70,1819
65,1976
92,1139
49,2475
62,2072
67,1917
83,1421
58,2197
67,1919
74,1702
93,1113
65,1982
84,1393
93,1114
63,2045
75,1674
98,962
65,1987
49,2484
66,1957
67,1926
73,1740
73,1741
96,1028
54,2331
70,1836
65,1992
53,2365
73,1745
74,1714
82,1466
88,1280
74,1715
57,2243
80,1531
98,973
74,1718
55,2308
57,2246
76,1657
79,1564
77,1627
78,1596
92,1163
52,2404
73,1753
87,1320
78,1600
73,1757
93,1137
75,1696
66,1976
72,1790
79,1573
75,1698
82,1481
98,986
61,2134
83,1452
87,1328
98,987
56,2290
82,1484
90,1236
92,1174
70,1857
54,2354
60,2168
68,1920
51,2449
66,1984
67,1953
73,1767
97,1023
57,2265
89,1274
68,1926
53,2392
54,2361
74,1741
78,1617
52,2424
55,2331
64,2053
80,1557
97,1030
52,2426
53,2396
61,2148
82,1498
94,1126
54,2367
88,1315
98,1005
56,2308
99,975
56,2309
66,1999
91,1225
100,948
54,2375
67,1972
74,1755
87,1352
98,1011
99,980
56,2314
62,2128
77,1663
90,1260
70,1881
74,1757
84,1448
57,2287
88,1328
98,1018
64,2073
75,1732
83,1485
85,1423
54,2385
67,1982
62,2138
68,1953
68,1954
63,2110
84,1459
54,2390
56,2331
74,1773
79,1618
100,967
54,2395
66,2023
79,1620
84,1465
79,1621
93,1187
92,1219
55,2367
78,1654
82,1530
57,2306
100,973
68,1966
98,1036
52,2463
79,1626
82,1533
73,1813
96,1100
55,2372
56,2342
59,2249
93,1195
66,2034
87,1383
93,1197
99,1011
88,1353
91,1260
92,1229
58,2284
83,1509
73,1820
52,2472
68,1976
70,1914
57,2320
78,1669
75,1763
98,1050
62,2167
70,1919
88,1361
56,2354
68,1982
76,1734
72,1859
98,1053
53,2449
84,1488
93,1209
96,1117
59,2265
77,1707
85,1459
92,1242
99,1025
98,1057
80,1617
70,1928
76,1742
53,2456
73,1838
96,1125
80,1622
84,1498
98,1064
83,1531
95,1159
100,1004
77,1718
92,1254
74,1813
52,2496
56,2372
82,1566
87,1412
99,1041
100,1010
57,2344
94,1197
96,1136
98,1074
97,1106
73,1851
96,1138
53,2472
69,1976
70,1945
72,1883
99,1046
100,1015
87,1420
80,1638
91,1299
56,2385
72,1889
82,1579
53,2479
61,2231
70,1952
61,2233
65,2110
99,1056
58,2329
89,1368
77,1741
96,1152
72,1897
96,1153
74,1836
54,2458
64,2148
74,1838
75,1807
92,1280
94,1218
100,1032
56,2397
73,1870
93,1251
80,1655
56,2401
84,1533
57,2371
84,1535
98,1103
59,2313
91,1321
80,1663
61,2253
70,1974
77,1757
82,1602
73,1882
85,1510
76,1790
83,1573
97,1140
96,1172
54,2475
67,2073
72,1919
76,1795
79,1702
88,1424
68,2045
55,2449
66,2108
97,1147
74,1861
66,2110
100,1056
91,1336
57,2391
58,2361
99,1090
77,1773
56,2425
76,1805
79,1712
84,1557
93,1278
96,1186
79,1714
58,2366
58,2367
80,1685
97,1159
64,2183
74,1874
98,1130
57,2402
80,1690
68,2063
82,1630
82,1632
88,1448
84,1573
98,1139
95,1233
75,1854
89,1420
66,2134
73,1917
93,1297
62,2259
95,1236
73,1919
87,1485
98,1145
56,2450
67,2110
77,1800
83,1614
58,2390
99,1119
55,2484
73,1926
79,1740
99,1120
59,2361
56,2458
79,1745
58,2397
61,2304
98,1157
59,2367
61,2306
78,1779
57,2431
100,1098
58,2401
76,1843
62,2278
85,1565
100,1100
59,2372
99,1132
82,1660
90,1412
99,1133
75,1878
96,1227
79,1757
94,1292
63,2254
75,1883
58,2412
62,2288
90,1420
64,2227
83,1638
90,1421
70,2042
74,1919
61,2323
72,1982
66,2170
68,2108
70,2046
87,1520
97,1210
100,1117
83,1645
56,2484
77,1833
79,1771
79,1773
92,1370
58,2425
100,1123
66,2178
57,2458
58,2427
67,2148
80,1745
82,1685
96,1251
96,1252
60,2372
68,2124
99,1163
58,2435
66,2187
58,2436
61,2343
93,1351
68,2127
84,1632
78,1819
80,1757
93,1354
70,2068
79,1790
86,1573
100,1141
59,2413
72,2010
90,1452
94,1328
96,1266
89,1485
61,2354
97,1238
98,1208
99,1178
58,2450
62,2326
65,2233
66,2202
77,1861
94,1335
88,1522
97,1245
62,2331
87,1557
93,1372
98,1218
59,2428
80,1777
92,1405
57,2491
59,2429
66,2212
83,1685
78,1841
80,1779
84,1655
58,2462
93,1377
63,2308
66,2216
99,1195
58,2467
80,1785
58,2468
62,2344
94,1352
66,2221
67,2190
75,1942
70,2098
65,2254
93,1386
99,1200
74,1976
58,2473
62,2350
79,1823
96,1300
66,2231
59,2449
78,1861
91,1458
80,1800
95,1335
98,1242
74,1987
70,2112
76,1926
83,1709
62,2361
85,1648
62,2362
63,2331
100,1184
58,2487
83,1712
88,1557
70,2116
74,1992
93,1403
99,1217
62,2365
83,1714
92,1435
65,2273
79,1839
63,2336
96,1313
61,2399
99,1221
100,1191
88,1564
98,1254
61,2402
59,2465
98,1256
72,2063
99,1226
98,1258
96,1322
78,1882
92,1448
62,2379
64,2317
66,2257
86,1637
96,1328
65,2290
68,2197
75,1980
84,1702
92,1454
69,2168
79,1859
93,1425
94,1394
60,2449
87,1612
79,1861
87,1613
96,1334
66,2265
99,1242
75,1987
97,1305
61,2422
77,1926
80,1833
80,1834
83,1741
64,2331
76,1959
78,1897
82,1773
99,1249
63,2367
73,2059
85,1687
65,2308
99,1255
63,2372
68,2218
73,2063
83,1753
98,1288
62,2405
97,1320
72,2097
87,1632
99,1260
76,1976
77,1945
89,1573
65,2318
70,2163
100,1233
62,2412
96,1358
100,1234
88,1607
99,1266
100,1235
62,2414
66,2290
96,1361
75,2013
88,1611
95,1394
83,1767
92,1488
61,2450
77,1954
78,1923
88,1613
62,2420
82,1800
92,1492
65,2331
82,1804
83,1773
76,1991
82,1805
88,1620
67,2273
76,1994
65,2336
91,1530
79,1903
87,1655
97,1346
66,2308
70,2184
91,1533
68,2247
64,2372
72,2125
80,1877
85,1722
98,1320
61,2468
88,1632
84,1757
70,2192
95,1420
76,2010
82,1824
67,2290
79,1919
64,2385
77,1982
95,1424
73,2108
79,1922
84,1767
99,1302
97,1365
98,1334
73,2110
61,2483
75,2052
76,2021
80,1897
93,1494
63,2425
66,2332
61,2488
77,1992
96,1403
75,2055
82,1838
65,2367
78,1966
61,2495
62,2465
79,1939
62,2468
98,1352
100,1290
76,2035
68,2284
76,2037
95,1448
79,1945
92,1543
99,1326
89,1637
98,1358
99,1327
68,2290
80,1919
80,1920
87,1704
63,2449
99,1333
68,2296
74,2110
80,1926
83,1833
87,1709
85,1773
66,2364
78,1993
66,2366
87,1715
67,2336
88,1685
88,1690
64,2435
67,2342
94,1506
79,1972
97,1414
86,1757
99,1354
66,2378
83,1851
85,1789
99,1355
100,1324
99,1356
63,2473
68,2318
76,2070
63,2475
74,2134
80,1948
97,1421
79,1980
87,1732
88,1702
92,1579
77,2045
93,1549
64,2449
78,2015
85,1800
78,2019
84,1833
91,1617
100,1338
65,2425
73,2177
79,1991
84,1836
88,1712
91,1620
74,2148
79,1993
91,1621
83,1870
100,1344
93,1562
91,1627
82,1907
64,2468
67,2375
80,1972
73,2190
76,2103
91,1638
66,2414
67,2384
67,2385
74,2168
75,2138
64,2480
76,2108
87,1767
65,2450
72,2233
95,1520
70,2296
91,1645
99,1399
92,1617
75,2145
79,2021
92,1620
97,1465
67,2397
87,1777
79,2026
99,1408
67,2401
72,2247
65,2467
72,2254
75,2162
94,1573
65,2473
65,2475
83,1917
82,1949
83,1919
97,1485
98,1454
99,1423
68,2385
83,1920
93,1610
99,1425
96,1519
65,2484
79,2051
70,2331
87,1804
93,1618
75,2177
86,1838
98,1467
67,2429
91,1685
93,1626
73,2247
66,2467
67,2436
79,2065
75,2192
98,1479
83,1945
95,1573
91,1700
100,1421
72,2290
98,1484
82,1982
80,2045
88,1797
91,1704
66,2480
74,2233
76,2171
83,1954
97,1520
94,1614
99,1459
90,1741
66,2486
73,2270
73,2273
88,1810
92,1687
66,2494
78,2122
80,2060
94,1627
78,2124
66,2497
68,2435
78,2125
80,2063
93,1660
67,2467
98,1506
72,2313
78,2128
75,2222
99,1478
91,1727
99,1479
72,2317
75,2224
83,1976
94,1638
77,2168
83,1982
86,1889
99,1486
79,2108
68,2450
92,1706
100,1458
94,1645
70,2392
97,1556
68,2456
74,2270
68,2458
67,2491
93,1686
98,1533
73,2309
79,2124
80,2093
67,2498
84,1972
70,2409
87,1882
99,1510
97,1573
78,2163
88,1854
95,1637
68,2475
73,2324
82,2045
69,2449
91,1767
73,2326
84,1987
93,1710
73,2331
99,1525
84,1992
97,1589
89,1838
92,1745
91,1777
72,2367
94,1685
75,2276
82,2059
74,2309
80,2124
78,2187
68,2498
75,2281
78,2188
79,2158
95,1666
98,1573
97,1606
100,1513
78,2196
78,2197
94,1702
78,2200
83,2045
94,1704
99,1549
84,2015
97,1612
86,1954
100,1521
94,1709
88,1896
97,1617
74,2331
72,2394
79,2177
78,2209
70,2458
80,2148
94,1714
97,1621
72,2397
73,2366
73,2367
99,1561
70,2462
85,1997
92,1780
75,2308
85,1998
96,1658
79,2187
99,1568
80,2158
75,2314
76,2284
96,1664
77,2254
90,1851
98,1603
80,2163
92,1791
93,1760
82,2103
87,1948
95,1700
96,1669
79,2197
78,2229
95,1702
89,1889
78,2231
84,2045
87,1953
92,1798
87,1957
91,1833
82,2115
91,1836
73,2395
75,2334
96,1683
98,1621
99,1590
95,1715
70,2492
73,2399
85,2029
96,1690
76,2311
88,1939
92,1815
93,1784
94,1753
98,1632
96,1695
87,1976
82,2133
98,1638
99,1607
99,1609
74,2385
87,1982
99,1611
94,1767
79,2233
91,1861
96,1706
99,1613
83,2110
98,1648
99,1618
73,2425
78,2270
92,1836
87,1992
99,1620
73,2427
73,2428
96,1716
77,2308
78,2277
92,1843
91,1877
95,1755
84,2097
99,1632
85,2068
91,1882
98,1666
75,2380
77,2318
100,1605
80,2227
90,1917
92,1857
88,1982
99,1642
73,2449
73,2450
80,2233
78,2296
92,1862
99,1645
72,2484
76,2361
100,1618
73,2456
74,2425
97,1712
73,2458
74,2428
78,2304
95,1777
98,1687
79,2277
100,1626
78,2309
98,1690
75,2405
95,1785
99,1662
72,2500
89,1976
75,2414
75,2416
91,1920
92,1889
78,2324
87,2045
73,2480
74,2449
75,2418
79,2296
95,1800
94,1833
98,1709
99,1680
73,2487
98,1713
100,1651
74,2458
94,1838
75,2428
80,2273
75,2429
77,2367
74,2462
91,1935
75,2432
87,2060
98,1719
79,2309
77,2372
75,2435
78,2342
99,1691
73,2498
97,1755
79,2314
80,2284
79,2318
87,2070
99,1699
92,1917
80,2290
90,1982
88,2045
91,1952
85,2139
97,1771
92,1927
98,1741
97,1773
75,2456
79,2334
78,2366
94,1870
97,1777
91,1965
93,1903
97,1779
76,2431
79,2338
85,2152
91,1966
80,2308
94,1874
98,1753
99,1722
82,2250
97,1785
95,1851
97,1790
98,1759
93,1916
95,1854
98,1762
84,2197
88,2073
78,2385
94,1889
80,2324
100,1704
80,2329
93,1926
96,1834
100,1710
77,2425
78,2395
96,1837
91,1994
92,1965
92,1967
95,1874
100,1719
78,2404
80,2342
87,2127
88,2097
92,1974
91,2010
79,2383
79,2384
94,1919
98,1795
79,2385
82,2292
77,2450
99,1768
96,1864
100,1740
79,2392
80,2361
93,1958
95,1896
78,2424
79,2397
80,2366
97,1839
78,2429
99,1778
76,2492
80,2372
88,2125
99,1784
76,2498
76,2500
91,2035
87,2162
99,1792
77,2475
93,1979
98,1824
83,2290
95,1920
100,1765
95,1922
85,2233
94,1957
91,2053
82,2334
80,2397
84,2273
98,1843
99,1812
97,1877
99,1815
82,2346
78,2471
97,1883
83,2318
85,2257
92,2040
82,2351
93,2010
85,2259
87,2197
100,1795
96,1920
82,2355
85,2267
95,1957
83,2331
96,1929
94,1992
96,1930
79,2458
96,1931
80,2428
98,1873
84,2308
99,1843
84,2309
83,2342
79,2467
80,2436
82,2379
85,2286
90,2134
92,2072
97,1917
89,2168
95,1982
91,2108
97,1922
98,1891
80,2450
97,1923
91,2110
92,2079
79,2487
82,2394
95,1992
100,1837
80,2458
99,1869
82,2397
79,2491
83,2367
79,2493
82,2404
91,2125
80,2467
93,2064
84,2346
80,2475
88,2230
94,2045
100,1859
88,2233
100,1861
82,2423
80,2487
92,2115
93,2084
88,2240
97,1965
100,1874
84,2372
82,2438
96,2006
93,2100
96,2007
100,1883
96,2011
89,2233
87,2296
92,2141
98,1955
97,1987
99,1927
100,1896
92,2145
83,2428
84,2397
87,2314
91,2190
85,2377
98,1976
92,2167
82,2480
90,2233
88,2296
82,2484
93,2143
84,2425
98,1991
84,2429
97,2026
99,1964
88,2308
86,2372
87,2342
92,2188
88,2314
97,2035
90,2254
93,2161
93,2162
83,2475
99,1981
87,2354
88,2326
93,2172
99,1989
84,2458
93,2180
88,2336
93,2183
85,2434
87,2372
88,2342
84,2468
97,2065
92,2222
91,2254
84,2473
85,2442
99,2010
87,2385
99,2014
85,2452
84,2484
99,2020
85,2455
96,2116
100,1993
88,2367
90,2308
99,2030
92,2252
97,2098
93,2223
99,2040
98,2072
97,2107
86,2449
93,2234
100,2030
98,2093
95,2190
99,2069
97,2134
88,2414
99,2073
92,2291
97,2138
99,2080
91,2329
88,2425
93,2277
98,2124
91,2342
92,2314
92,2317
99,2105
97,2168
87,2484
92,2329
96,2209
88,2458
91,2365
91,2366
91,2367
92,2336
93,2305
88,2462
97,2183
88,2467
98,2158
97,2190
88,2471
98,2163
88,2475
96,2228
99,2135
93,2324
89,2449
99,2141
98,2174
90,2425
91,2397
99,2150
100,2120
91,2402
100,2124
99,2161
99,2163
92,2381
98,2197
97,2230
90,2449
89,2484
92,2392
91,2425
92,2397
100,2150
97,2245
98,2216
94,2342
95,2314
100,2167
90,2484
96,2298
93,2393
96,2300
91,2456
91,2458
92,2428
91,2462
92,2432
94,2372
95,2342
92,2438
91,2471
99,2223
95,2354
96,2325
99,2233
96,2330
96,2332
92,2458
96,2335
91,2491
97,2305
98,2276
97,2309
95,2375
97,2314
96,2347
97,2317
98,2286
99,2255
98,2288
96,2357
92,2483
94,2425
96,2363
93,2457
97,2338
95,2401
92,2498
92,2499
97,2347
98,2316
100,2254
94,2449
94,2450
95,2425
96,2396
98,2334
95,2429
100,2277
98,2342
94,2467
96,2408
100,2291
95,2449
98,2357
97,2392
95,2462
100,2311
99,2345
98,2377
98,2381
96,2445
96,2447
98,2390
98,2392
97,2429
98,2401
99,2370
99,2372
99,2373
99,2375
100,2344
100,2346
98,2409
100,2354
99,2392
98,2424
97,2458
96,2499
98,2437
99,2406
100,2377
97,2473
97,2484
99,2422
100,2397
97,2493
97,2500
98,2479
98,2487
98,2488
100,2427
98,2492
100,2431
100,2436
98,2500
99,2478
99,2489
100,2471
