id,created_on,creator_id,content_id
1,2007-11-27,71,2
2,2013-11-24,28,2
3,2007-08-12,42,2
4,2013-04-26,98,3
5,2015-09-09,96,3
6,2014-11-25,70,4
7,2012-03-20,24,3
8,2008-04-04,86,1
9,2015-05-26,34,2
10,2014-07-28,46,4
11,2009-04-18,14,3
12,2015-10-13,72,2
13,2014-07-28,27,2
14,2015-09-08,2,1
15,2015-12-30,85,3
16,2005-02-20,55,3
17,2015-07-24,31,3
18,2011-07-26,14,1
19,2014-10-07,50,2
20,2015-12-01,99,3
21,2015-06-24,31,2
22,2011-07-22,32,2
23,2009-04-06,12,4
24,2015-03-20,48,1
25,2010-01-09,83,4
26,2011-05-01,60,4
27,2015-01-29,74,3
28,2015-01-09,54,1
29,2009-04-06,30,3
30,2005-06-01,19,2
31,2011-08-24,3,1
32,2014-09-25,76,3
33,2008-08-06,50,1
34,2013-05-30,82,1
35,2015-11-29,48,3
36,2015-05-30,31,3
37,2012-12-05,11,2
38,2015-06-01,45,4
39,2007-12-28,74,2
40,2014-10-13,90,3
41,2014-05-15,64,4
42,2009-06-07,74,1
43,2014-02-02,62,1
44,2010-08-01,74,4
45,2014-12-02,92,4
46,2015-12-30,85,4
47,2011-09-04,10,4
48,2014-10-02,88,4
49,2009-08-29,68,2
50,2014-04-01,63,4
51,2015-12-04,99,3
52,2011-07-27,7,4
53,2011-10-07,71,2
54,2015-01-16,13,1
55,2012-07-20,19,1
56,2015-06-28,57,2
57,2012-03-27,23,3
58,2011-08-30,63,1
59,2015-11-24,61,1
60,2011-12-24,95,3
61,2012-03-10,23,3
62,2012-10-15,83,1
63,2015-06-03,37,3
64,2013-03-01,11,1
65,2014-10-19,9,4
66,2011-03-13,80,1
67,2014-08-15,43,1
68,2007-07-07,27,1
69,2011-04-10,46,2
70,2010-01-28,38,1
71,2015-11-21,93,4
72,2014-03-19,77,3
73,2010-09-12,95,1
74,2015-07-26,31,4
75,2004-07-29,32,4
76,2013-06-28,54,4
77,2015-08-13,88,3
78,2007-05-28,5,3
79,2013-04-05,49,2
80,2015-12-31,85,1
81,2014-02-04,76,2
82,2014-05-29,39,4
83,2015-08-05,53,4
84,2015-11-30,22,3
85,2002-03-14,50,1
86,2015-12-25,61,4
87,2012-03-14,79,3
88,2014-05-29,25,1
89,2009-10-24,63,4
90,2015-09-25,74,3
91,2012-10-03,2,2
92,2010-05-11,95,3
93,2008-08-06,67,1
94,2014-04-21,75,4
95,2012-09-25,73,1
96,2001-04-27,21,2
97,2011-08-13,67,1
98,2013-01-21,36,1
99,2013-01-31,33,1
100,2015-07-20,37,4
101,2003-08-15,69,4
102,2006-07-17,51,2
103,2004-05-21,71,2
104,2008-09-20,94,2
105,2015-12-09,93,3
106,2014-08-29,48,1
107,2015-07-25,75,3
108,2015-01-26,37,4
109,2014-04-28,75,1
110,2013-11-22,69,1
111,2015-08-05,34,4
112,2011-02-27,36,1
113,2010-11-25,84,4
114,2009-02-07,21,3
115,2014-09-15,33,2
116,2013-01-05,36,4
117,2014-10-04,28,2
118,2011-01-17,83,1
119,2015-06-23,57,2
120,2007-04-14,20,1
121,2012-12-14,39,4
122,2007-03-10,89,1
123,2012-12-23,64,4
124,2015-12-10,93,3
125,2012-04-02,6,2
126,2013-04-22,15,2
127,2005-03-31,30,3
128,2015-03-20,49,3
129,2015-11-11,84,1
130,2006-06-07,51,2
131,2015-12-17,99,3
132,2013-03-16,86,1
133,2009-08-04,87,4
134,2011-03-29,84,4
135,2007-01-11,13,2
136,2008-02-05,86,2
137,2014-04-03,22,2
138,2009-10-11,86,4
139,2013-05-29,25,2
140,2013-04-23,22,2
141,2015-11-22,99,2
142,2013-04-02,25,4
143,2010-04-18,56,3
144,2003-01-26,17,1
145,2007-02-02,20,1
146,2013-12-08,67,2
147,2014-05-07,11,2
148,2014-07-19,40,1
149,2015-03-31,31,1
150,2015-12-24,96,4
151,2015-11-07,96,1
152,2014-09-26,73,4
153,2010-05-06,51,2
154,2005-05-05,50,3
155,2012-12-09,68,1
156,2008-11-21,86,4
157,2015-08-04,5,4
158,2009-07-25,56,2
159,2013-01-21,25,1
160,2014-09-26,84,4
161,2004-06-21,50,4
162,2011-04-05,88,4
163,2015-02-08,72,4
164,2014-12-29,78,4
165,2009-07-08,10,3
166,2007-12-10,63,3
167,2011-05-27,22,4
168,2006-10-16,29,3
169,2012-03-21,88,3
170,2015-07-15,44,1
171,2015-06-26,31,4
172,2012-03-25,87,4
173,2015-10-23,70,3
174,2010-01-14,71,2
175,2014-08-22,95,4
176,2011-10-17,14,2
177,2015-12-14,23,3
178,2008-06-25,14,4
179,2015-07-02,66,4
180,2006-08-10,83,4
181,2011-04-18,84,1
182,2011-08-21,87,4
183,2009-10-20,21,2
184,2015-12-25,53,1
185,2008-08-17,86,4
186,2014-11-19,70,4
187,2014-11-16,34,3
188,2015-12-28,61,4
189,2013-04-10,12,3
190,2012-08-20,58,3
191,2015-02-04,34,1
192,2015-08-28,26,4
193,2013-09-05,15,1
194,2014-08-29,97,4
195,2010-04-27,58,4
196,2015-09-18,20,1
197,2015-11-20,35,2
198,2012-03-03,58,3
199,2015-07-19,92,3
200,2013-11-27,78,4
201,2015-09-11,1,2
202,2015-03-17,36,1
203,2013-03-30,64,3
204,2014-02-06,53,1
205,2014-11-01,16,3
206,2009-06-07,17,2
207,2015-12-31,85,2
208,2012-04-28,97,3
209,2014-04-28,78,4
210,2015-11-05,37,3
211,2015-11-27,99,3
212,2011-04-11,8,2
213,2014-11-29,98,3
214,2014-06-13,6,1
215,2010-05-01,16,2
216,2007-07-09,32,2
217,2012-07-03,68,3
218,2015-07-11,52,4
219,2009-12-10,77,1
220,2014-07-08,91,3
221,2015-02-28,82,1
222,2015-10-19,40,2
223,2011-02-28,84,2
224,2007-07-13,86,2
225,2014-02-20,63,4
226,2012-11-02,15,2
227,2013-10-13,41,3
228,2005-02-07,13,3
229,2008-08-30,29,3
230,2003-11-25,21,1
231,2015-12-24,99,1
232,2013-09-21,58,2
233,2015-07-02,45,3
234,2010-04-21,63,3
235,2015-12-05,66,2
236,2013-10-11,59,4
237,2009-09-02,83,4
238,2012-12-08,20,3
239,2012-07-02,24,4
240,2015-07-05,30,4
241,2015-08-26,52,2
242,2004-01-01,81,3
243,2013-06-02,1,2
244,2010-07-03,80,1
245,2012-04-10,19,4
246,2013-12-24,98,1
247,2012-07-14,49,1
248,2005-01-03,29,1
249,2006-05-06,63,4
250,2009-06-13,42,2
251,2013-04-02,90,1
252,2013-04-01,44,3
253,2014-01-02,73,3
254,2009-05-08,95,2
255,2015-10-31,56,4
256,2011-01-31,77,3
257,2013-02-08,36,2
258,2012-06-17,17,1
259,2009-02-23,87,4
260,2011-10-14,44,1
261,2014-10-01,45,2
262,2012-08-31,97,1
263,2015-10-07,28,3
264,2015-12-09,48,2
265,2008-10-13,29,2
266,2015-09-16,76,1
267,2013-06-08,30,4
268,2013-08-09,51,1
269,2004-08-20,60,2
270,2014-06-04,75,2
271,2012-06-20,60,1
272,2015-02-06,70,1
273,2011-12-02,94,2
274,2014-12-01,46,1
275,2015-05-23,53,1
276,2014-10-10,15,1
277,2004-09-22,32,3
278,2012-02-15,30,1
279,2010-06-04,71,3
280,2015-02-12,1,4
281,2005-05-08,89,1
282,2011-06-25,17,1
283,2014-06-14,97,4
284,2015-09-02,43,2
285,2015-08-03,34,1
286,2010-07-20,11,2
287,2005-02-27,41,1
288,2011-07-05,46,3
289,2013-10-12,100,2
290,2011-05-02,88,1
291,2006-02-12,6,3
292,2006-08-14,50,3
293,2014-01-26,82,3
294,2014-02-26,74,4
295,2004-01-22,43,2
296,2015-06-20,57,2
297,2004-10-13,21,3
298,2011-01-06,25,4
299,2015-08-23,31,2
300,2015-08-21,82,1
301,2012-08-31,58,3
302,2014-10-01,23,2
303,2015-07-23,35,1
304,2013-10-13,97,1
305,2014-12-07,60,3
306,2015-10-28,35,2
307,2006-11-16,63,2
308,2009-02-17,12,2
309,2014-09-14,92,2
310,2013-12-25,40,4
311,2014-07-29,30,3
312,2014-03-11,11,1
313,2010-06-06,58,4
314,2015-09-16,68,2
315,2009-09-25,77,4
316,2015-04-10,57,3
317,2011-08-05,39,1
318,2009-01-18,3,1
319,2014-09-27,12,2
320,2013-12-29,30,1
321,2014-06-18,59,2
322,2012-12-04,51,4
323,2015-09-02,98,1
324,2013-11-01,87,3
325,2014-02-13,14,2
326,2014-08-21,27,2
327,2013-09-03,76,4
328,2015-12-29,9,1
329,2013-05-20,24,1
330,2015-12-30,31,4
331,2014-10-10,78,1
332,2014-06-18,23,3
333,2013-09-19,59,2
334,2014-10-28,7,1
335,2015-12-18,31,4
336,2015-06-17,34,2
337,2013-10-20,29,1
338,2011-06-13,21,1
339,2015-01-09,34,1
340,2012-11-16,16,3
341,2010-09-28,4,3
342,2001-08-31,41,1
343,2011-12-03,36,4
344,2015-03-20,52,1
345,2014-04-12,15,2
346,2012-08-07,60,4
347,2015-01-25,82,2
348,2013-08-29,50,1
349,2015-09-12,96,4
350,2011-11-16,20,4
351,2013-11-12,21,4
352,2009-11-11,73,2
353,2015-02-28,10,4
354,2001-09-06,71,3
355,2012-07-16,36,1
356,2014-12-05,70,4
357,2015-02-25,34,2
358,2009-09-19,41,4
359,2015-12-06,34,4
360,2005-09-11,60,1
361,2013-12-27,39,1
362,2010-01-01,29,4
363,2015-07-25,18,4
364,2015-11-29,99,1
365,2007-04-24,20,4
366,2015-08-27,16,2
367,2015-09-03,96,1
368,2015-09-08,58,4
369,2008-08-10,54,4
370,2015-10-23,15,1
371,2015-11-27,99,3
372,2015-04-30,87,1
373,2015-09-27,28,3
374,2015-10-08,48,2
375,2013-09-21,42,4
376,2015-05-19,84,3
377,2015-09-23,44,2
378,2015-10-24,93,3
379,2011-03-25,38,1
380,2014-04-25,73,4
381,2010-09-05,41,4
382,2015-07-07,1,4
383,2014-04-25,35,3
384,2009-02-11,94,2
385,2002-03-29,13,1
386,2015-11-08,96,3
387,2014-08-07,24,1
388,2012-01-11,16,2
389,2015-09-11,61,1
390,2013-10-15,76,2
391,2010-04-17,10,3
392,2015-08-28,57,1
393,2009-01-20,10,3
394,2015-07-15,56,2
395,2009-06-21,65,3
396,2007-05-27,65,4
397,2014-11-06,48,2
398,2012-04-25,74,4
399,2011-07-24,27,1
400,2013-12-28,49,4
401,2009-05-04,11,1
402,2012-08-20,14,3
403,2014-04-11,98,1
404,2015-01-02,16,2
405,2015-11-15,31,1
406,2014-10-06,50,3
407,2011-09-18,3,4
408,2015-05-09,30,1
409,2012-11-03,37,4
410,2015-08-04,34,2
411,2015-09-13,39,3
412,2015-12-29,99,2
413,2015-11-25,89,1
414,2015-11-25,99,1
415,2008-12-14,7,2
416,2010-10-07,42,4
417,2006-01-08,19,3
418,2013-02-15,42,1
419,2011-06-26,73,4
420,2013-11-27,8,1
421,2015-01-19,53,1
422,2003-03-03,71,4
423,2010-04-20,11,2
424,2012-07-03,80,4
425,2015-06-11,76,2
426,2007-11-26,20,3
427,2012-07-01,28,4
428,2015-11-27,66,2
429,2012-11-05,24,2
430,2015-04-16,37,4
431,2015-05-20,52,4
432,2014-10-13,70,1
433,2007-07-04,7,2
434,2007-12-15,42,3
435,2015-07-31,26,4
436,2015-03-07,84,1
437,2010-10-06,18,1
438,2011-10-02,22,4
439,2001-09-21,13,3
440,2015-01-15,91,3
441,2015-08-28,25,3
442,2008-04-25,4,2
443,2011-04-29,21,2
444,2014-09-01,48,2
445,2015-03-25,57,4
446,2015-11-04,70,2
447,2008-02-21,49,4
448,2013-06-30,37,4
449,2014-11-14,33,2
450,2007-10-06,12,4
451,2013-04-02,76,1
452,2007-01-13,19,3
453,2015-05-22,35,2
454,2014-12-23,79,3
455,2015-09-04,98,1
456,2011-11-17,22,3
457,2015-11-22,70,1
458,2012-03-22,8,2
459,2011-05-03,18,2
460,2014-03-14,94,4
461,2004-05-20,60,1
462,2014-07-20,68,4
463,2008-12-20,94,4
464,2013-08-10,38,3
465,2013-04-01,74,1
466,2014-09-14,71,4
467,2013-09-04,60,3
468,2010-07-06,51,3
469,2014-10-27,12,2
470,2009-01-08,14,2
471,2013-03-09,1,1
472,2014-10-04,70,1
473,2011-09-12,73,4
474,2009-12-20,87,4
475,2012-06-26,94,3
476,2015-09-06,31,2
477,2012-10-10,24,3
478,2003-09-22,17,1
479,2007-09-10,12,4
480,2009-01-19,86,2
481,2011-03-10,7,1
482,2014-06-07,94,1
483,2014-08-07,9,1
484,2013-09-25,41,3
485,2013-02-11,49,1
486,2015-12-24,100,3
487,2007-08-11,42,2
488,2009-03-26,7,3
489,2012-07-25,64,3
490,2015-12-31,85,2
491,2014-12-17,45,1
492,2015-02-06,21,1
493,2014-05-04,47,3
494,2010-01-25,63,4
495,2015-04-21,90,1
496,2015-12-31,85,3
497,2014-10-05,98,1
498,2013-07-10,83,1
499,2015-04-04,75,4
500,2013-05-14,28,2
501,2006-05-30,63,3
502,2012-04-29,39,1
503,2008-03-30,42,1
504,2015-11-02,61,4
505,2011-02-25,84,2
506,2010-10-27,90,2
507,2014-06-24,19,1
508,2006-04-30,60,3
509,2015-09-22,35,2
510,2015-04-03,53,1
511,2015-06-14,45,2
512,2015-09-29,66,4
513,2015-08-12,68,2
514,2013-01-24,22,1
515,2014-04-22,27,2
516,2007-08-19,42,4
517,2011-10-18,3,4
518,2015-12-31,85,3
519,2006-06-01,81,3
520,2010-11-09,95,4
521,2015-12-31,85,3
522,2010-02-22,86,1
523,2015-05-23,1,3
524,2005-07-20,30,4
525,2015-12-08,26,2
526,2015-12-02,100,2
527,2004-02-06,60,3
528,2014-08-18,58,1
529,2014-10-09,69,1
530,2012-04-25,77,3
531,2005-06-02,81,1
532,2012-02-01,63,3
533,2013-02-22,36,1
534,2015-12-17,96,1
535,2010-05-27,69,4
536,2000-08-22,41,1
537,2011-06-11,67,4
538,2013-06-01,73,3
539,2009-02-24,27,4
540,2006-08-21,69,2
541,2015-10-07,94,4
542,2013-01-09,82,3
543,2008-01-11,95,2
544,2009-03-04,12,1
545,2015-09-13,57,4
546,2007-04-05,90,2
547,2015-11-26,99,1
548,2011-01-23,17,3
549,2015-03-28,37,2
550,2013-06-28,2,1
551,2010-09-16,49,2
552,2015-11-12,73,1
553,2015-02-09,82,2
554,2013-10-22,72,2
555,2015-12-04,96,2
556,2013-04-21,21,2
557,2014-01-04,80,2
558,2006-04-14,32,1
559,2008-10-19,63,3
560,2014-08-22,89,2
561,2014-09-05,8,2
562,2007-06-03,51,2
563,2014-05-03,79,3
564,2015-08-03,26,3
565,2015-11-30,66,4
566,2014-08-26,15,3
567,2008-04-24,74,4
568,2015-11-17,97,3
569,2013-07-05,73,1
570,2011-06-07,46,1
571,2015-02-12,24,1
572,2012-10-25,44,3
573,2015-10-01,76,4
574,2013-10-15,19,1
575,2014-06-11,91,2
576,2015-05-01,69,3
577,2006-02-09,65,1
578,2015-11-08,82,3
579,2011-06-13,73,1
580,2011-08-25,18,1
581,2013-08-24,54,2
582,2006-02-19,65,1
583,2007-08-22,74,1
584,2008-10-17,49,1
585,2005-05-06,30,3
586,2015-04-15,7,1
587,2012-02-11,44,3
588,2014-06-13,28,3
589,2015-08-01,66,3
590,2015-08-06,22,2
591,2011-11-17,44,1
592,2014-10-24,88,4
593,2005-12-23,86,2
594,2014-07-11,78,1
595,2014-08-24,24,2
596,2010-09-29,7,2
597,2012-11-06,63,2
598,2006-10-20,69,2
599,2015-06-27,24,3
600,2013-04-25,79,2
601,2013-05-16,32,2
602,2013-02-24,59,2
603,2014-08-18,79,3
604,2015-09-13,13,3
605,2015-07-20,66,2
606,2011-11-23,5,1
607,2005-09-30,29,1
608,2014-01-24,5,2
609,2008-01-02,5,3
610,2014-05-15,75,4
611,2012-06-26,36,1
612,2010-12-15,39,3
613,2010-10-11,63,4
614,2011-04-10,64,3
615,2006-03-28,69,4
616,2015-09-08,49,2
617,2011-03-09,54,4
618,2010-04-04,90,2
619,2014-07-13,33,2
620,2010-06-22,33,1
621,2013-02-04,32,1
622,2005-07-06,4,3
623,2012-06-03,59,4
624,2005-09-17,77,1
625,2009-12-09,68,3
626,2014-07-17,74,2
627,2008-07-17,90,3
628,2010-11-28,94,4
629,2014-08-30,35,4
630,2014-01-14,49,4
631,2012-04-19,12,1
632,2008-12-07,55,3
633,2010-04-23,13,4
634,2010-05-21,81,1
635,2015-03-23,55,4
636,2015-09-10,66,4
637,2012-03-20,80,3
638,2012-06-28,59,2
639,2011-03-28,64,4
640,2010-06-01,39,2
641,2013-02-01,73,1
642,2009-09-29,33,1
643,2015-12-01,57,1
644,2015-09-13,5,4
645,2009-11-14,83,3
646,2015-05-03,23,3
647,2008-11-03,6,1
648,2002-02-01,43,2
649,2014-07-15,22,4
650,2009-03-10,2,3
651,2015-08-31,96,1
652,2011-05-19,16,2
653,2015-12-30,85,4
654,2015-07-06,35,3
655,2013-08-18,95,2
656,2009-10-09,12,2
657,2013-06-27,17,2
658,2013-09-01,82,1
659,2013-06-22,73,3
660,2014-04-06,100,1
661,2010-08-11,27,2
662,2015-11-01,80,4
663,2007-04-12,30,3
664,2011-01-08,55,1
665,2003-09-18,43,2
666,2001-07-04,71,3
667,2014-07-28,73,4
668,2014-08-25,8,4
669,2004-09-10,81,3
670,2009-08-27,7,2
671,2010-01-27,29,2
672,2015-07-06,40,4
673,2015-12-31,85,1
674,2014-06-21,84,1
675,2009-07-14,67,2
676,2014-04-14,47,2
677,2014-08-01,59,3
678,2010-02-12,20,3
679,2013-05-13,36,2
680,2012-01-30,71,3
681,2011-04-03,89,3
682,2010-03-14,67,2
683,2015-09-27,45,2
684,2011-11-18,2,4
685,2014-12-17,70,1
686,2008-08-17,2,3
687,2011-10-09,24,2
688,2008-04-22,95,1
689,2015-02-13,7,4
690,2015-11-30,35,4
691,2006-01-12,86,3
692,2013-02-27,49,3
693,2015-08-22,19,3
694,2006-03-13,41,3
695,2014-05-14,45,4
696,2006-08-24,29,3
697,2014-05-06,36,3
698,2015-09-03,78,1
699,2010-02-06,73,1
700,2015-07-19,62,4
701,2007-09-07,86,2
702,2015-12-30,58,3
703,2004-10-30,60,2
704,2011-06-29,64,2
705,2011-12-05,27,1
706,2012-09-21,3,2
707,2014-04-13,39,3
708,2009-03-14,11,4
709,2003-10-09,43,2
710,2014-10-31,53,1
711,2012-09-19,80,3
712,2014-03-09,91,1
713,2011-06-17,16,3
714,2015-02-12,24,1
715,2012-10-18,68,1
716,2012-12-09,23,4
717,2015-03-13,23,1
718,2014-09-14,34,1
719,2015-11-27,48,3
720,2013-01-29,56,2
721,2014-11-10,47,2
722,2013-09-04,8,2
723,2009-04-10,69,3
724,2013-07-09,37,1
725,2008-09-04,83,2
726,2009-02-06,50,1
727,2015-12-31,66,1
728,2015-06-10,29,2
729,2014-05-04,37,3
730,2010-05-09,25,1
731,2008-06-01,42,4
732,2014-01-06,42,1
733,2014-08-10,98,3
734,2011-10-21,71,2
735,2015-02-25,72,1
736,2007-01-13,30,2
737,2009-10-10,14,2
738,2013-06-04,98,3
739,2015-10-07,73,4
740,2014-12-22,54,1
741,2014-09-16,86,2
742,2015-01-25,82,2
743,2014-02-14,38,1
744,2014-06-01,76,1
745,2003-08-02,86,2
746,2013-12-02,62,2
747,2012-02-09,88,3
748,2014-01-09,47,4
749,2013-02-09,15,1
750,2015-11-10,35,1
751,2009-06-05,77,3
752,2014-04-26,59,4
753,2015-06-09,88,1
754,2010-11-29,50,2
755,2015-12-29,66,3
756,2012-04-09,87,3
757,2007-01-18,10,2
758,2015-06-06,52,2
759,2013-12-01,68,4
760,2012-09-01,84,2
761,2006-12-13,81,3
762,2010-10-08,49,2
763,2013-12-11,9,4
764,2010-05-01,25,3
765,2015-03-30,34,2
766,2015-11-15,96,2
767,2015-02-24,70,1
768,2015-11-18,99,2
769,2015-03-15,8,1
770,2015-01-19,27,4
771,2015-05-09,64,3
772,2006-05-02,83,3
773,2001-03-09,41,4
774,2015-05-06,88,3
775,2015-11-04,93,4
776,2015-05-24,45,1
777,2015-01-22,48,3
778,2010-10-02,64,1
779,2012-08-16,37,3
780,2008-01-27,13,4
781,2014-07-05,91,3
782,2013-03-06,76,2
783,2011-08-22,51,1
784,2010-03-28,5,4
785,2014-02-26,100,1
786,2011-06-21,12,1
787,2014-04-05,64,3
788,2008-04-05,95,2
789,2013-02-14,97,1
790,2008-07-22,90,1
791,2005-09-12,4,2
792,2015-10-10,66,3
793,2014-06-23,9,1
794,2012-08-31,14,1
795,2015-10-12,93,1
796,2015-06-27,66,4
797,2012-03-17,38,1
798,2013-12-22,9,3
799,2008-02-04,5,3
800,2008-06-26,6,1
801,2010-10-22,54,3
802,2006-12-20,3,4
803,2009-01-11,21,4
804,2014-10-20,75,2
805,2012-02-23,84,3
806,2015-06-18,31,2
807,2015-08-31,98,1
808,2013-10-13,80,1
809,2015-06-19,66,3
810,2009-02-23,71,3
811,2015-11-19,93,4
812,2015-12-31,85,4
813,2015-11-10,34,4
814,2003-08-09,50,2
815,2013-11-11,36,4
816,2012-10-24,6,4
817,2011-08-15,11,1
818,2014-06-26,12,3
819,2012-03-23,95,2
820,2012-08-09,11,1
821,2012-12-23,87,2
822,2012-06-21,6,4
823,2015-08-17,98,4
824,2015-05-16,87,3
825,2015-11-07,96,4
826,2005-10-05,51,2
827,2009-05-08,27,1
828,2015-11-06,26,3
829,2010-05-30,41,3
830,2013-12-31,51,4
831,2014-12-17,98,2
832,2014-07-10,64,3
833,2013-04-27,28,2
834,2015-12-31,93,1
835,2012-04-07,39,1
836,2011-08-30,90,4
837,2013-10-29,82,3
838,2014-05-16,74,4
839,2006-08-28,60,3
840,2015-03-20,82,1
841,2013-09-01,80,3
842,2010-04-08,51,1
843,2012-06-28,22,3
844,2009-05-01,65,2
845,2013-06-19,25,2
846,2010-11-16,89,3
847,2014-08-21,82,2
848,2014-01-06,9,3
849,2015-07-31,75,1
850,2014-05-22,84,4
851,2011-06-09,49,4
852,2015-10-24,93,4
853,2015-11-07,93,3
854,2011-03-18,49,1
855,2010-01-19,25,2
856,2013-07-26,82,1
857,2014-12-31,52,1
858,2011-05-14,73,1
859,2015-08-14,31,1
860,2014-04-26,81,2
861,2011-05-06,84,1
862,2007-10-10,14,1
863,2003-02-19,81,4
864,2012-05-25,41,4
865,2015-12-22,93,4
866,2013-10-21,47,2
867,2012-07-17,55,4
868,2009-07-09,11,2
869,2002-11-12,4,3
870,2015-06-01,82,1
871,2014-09-29,44,2
872,2015-07-23,66,2
873,2014-07-09,29,2
874,2010-04-14,83,1
875,2015-09-03,92,3
876,2014-04-28,19,4
877,2013-07-13,44,3
878,2014-09-27,92,3
879,2015-12-30,85,2
880,2012-07-25,7,1
881,2010-03-20,10,1
882,2014-12-02,56,3
883,2014-09-16,44,4
884,2015-02-07,73,2
885,2014-10-10,11,3
886,2013-08-29,98,1
887,2012-02-12,94,1
888,2010-11-18,39,1
889,2015-12-29,18,1
890,2010-10-25,80,2
891,2015-07-22,53,2
892,2011-10-30,58,4
893,2015-02-25,58,2
894,2013-10-08,18,4
895,2013-08-25,37,2
896,2011-03-29,16,1
897,2009-12-14,25,3
898,2014-03-21,62,4
899,2014-04-08,97,2
900,2015-12-10,99,2
901,2015-01-14,9,2
902,2012-12-16,15,2
903,2015-06-28,34,1
904,2013-09-17,37,3
905,2014-09-13,45,3
906,2014-01-15,60,2
907,2014-04-18,100,3
908,2011-08-31,11,4
909,2013-10-12,82,2
910,2015-08-22,24,4
911,2013-06-24,22,1
912,2015-08-14,92,1
913,2011-05-28,56,2
914,2013-06-11,49,4
915,2013-07-24,72,4
916,2015-06-04,97,1
917,2009-01-11,4,1
918,2015-09-30,34,1
919,2009-01-10,89,3
920,2007-02-13,60,4
921,2014-05-10,53,2
922,2007-06-15,43,2
923,2015-04-20,28,4
924,2015-09-09,26,2
925,2012-06-26,64,2
926,2014-10-31,18,2
927,2014-05-09,71,2
928,2009-04-03,94,4
929,2012-07-14,46,3
930,2011-11-24,97,3
931,2015-01-10,5,3
932,2010-05-13,38,4
933,2012-01-27,22,1
934,2015-11-24,44,4
935,2005-02-22,69,3
936,2012-12-18,15,2
937,2015-10-11,93,3
938,2015-04-28,90,1
939,2015-07-23,94,2
940,2015-11-11,66,2
941,2015-05-14,44,1
942,2013-11-21,8,4
943,2015-11-10,93,3
944,2007-09-30,71,2
945,2011-09-18,90,1
946,2012-03-10,63,1
947,2015-06-28,94,1
948,2005-10-19,50,2
949,2003-05-15,13,4
950,2015-11-20,52,1
951,2004-01-25,81,2
952,2015-02-10,62,2
953,2011-02-16,39,2
954,2011-08-08,91,4
955,2015-04-17,84,3
956,2014-06-14,12,3
957,2015-08-03,66,2
958,2011-04-18,54,3
959,2012-04-28,79,4
960,2014-04-13,35,4
961,2015-11-01,18,3
962,2008-04-22,13,1
963,2015-07-08,66,3
964,2011-10-04,19,4
965,2012-09-03,59,4
966,2015-09-06,34,4
967,2011-05-27,22,3
968,2011-11-16,83,1
969,2014-05-19,97,2
970,2014-05-24,76,2
971,2005-03-17,86,2
972,2010-02-09,68,3
973,2012-08-16,78,4
974,2001-12-24,13,1
975,2014-06-06,25,3
976,2015-08-02,5,3
977,2014-09-16,48,4
978,2014-12-17,45,1
979,2015-12-17,10,4
980,2014-10-30,27,4
981,2015-05-19,57,2
982,2009-11-10,6,2
983,2014-05-31,2,1
984,2003-08-08,4,4
985,2014-02-24,45,2
986,2009-12-09,68,4
987,2004-12-27,86,4
988,2009-04-02,6,2
989,2014-10-01,68,2
990,2014-10-09,48,3
991,2015-05-13,84,4
992,2003-02-05,86,1
993,2015-04-28,1,2
994,2009-06-09,2,4
995,2008-08-16,4,1
996,2014-09-27,23,2
997,2004-09-18,71,1
998,2014-12-11,73,4
999,2001-05-11,13,4
1000,2011-11-03,38,1
1001,2014-01-30,97,2
1002,2008-11-20,95,2
1003,2015-08-24,47,4
1004,2009-07-17,49,2
1005,2013-01-13,79,4
1006,2012-03-05,11,2
1007,2012-08-31,39,4
1008,2010-11-17,58,2
1009,2015-12-19,26,3
1010,2012-06-14,16,1
1011,2011-08-08,72,4
1012,2015-01-29,82,1
1013,2015-10-15,57,2
1014,2015-12-30,85,1
1015,2011-10-17,22,2
1016,2015-07-08,76,3
1017,2014-08-30,78,4
1018,2013-02-23,49,1
1019,2015-09-08,66,1
1020,2015-11-22,61,1
1021,2014-02-22,9,3
1022,2011-12-31,54,2
1023,2003-05-05,43,3
1024,2015-01-25,52,1
1025,2015-08-21,37,1
1026,2015-05-01,7,1
1027,2015-06-11,45,1
1028,2010-03-23,69,4
1029,2015-12-25,99,4
1030,2006-12-13,32,2
1031,2011-12-06,13,3
1032,2007-01-09,63,4
1033,2015-03-10,52,2
1034,2014-02-25,98,3
1035,2012-02-10,41,2
1036,2011-07-19,68,3
1037,2010-06-14,32,1
1038,2013-12-12,33,1
1039,2014-10-19,35,3
1040,2014-01-24,97,4
1041,2014-03-06,75,2
1042,2013-04-18,8,2
1043,2011-11-26,87,1
1044,2015-02-01,24,2
1045,2006-03-08,77,3
1046,2013-10-10,44,3
1047,2015-06-08,47,4
1048,2010-08-29,3,1
1049,2011-09-20,95,2
1050,2012-07-02,11,3
1051,2012-07-17,76,2
1052,2015-04-13,72,2
1053,2010-07-25,65,3
1054,2014-10-20,44,1
1055,2006-07-08,43,4
1056,2011-11-06,84,4
1057,2012-04-15,16,2
1058,2011-06-17,89,2
1059,2015-11-02,22,3
1060,2015-12-14,26,4
1061,2014-03-30,91,2
1062,2013-04-20,79,1
1063,2008-08-14,27,3
1064,2011-06-23,7,3
1065,2015-05-08,31,2
1066,2015-10-27,18,3
1067,2010-04-19,10,2
1068,2004-11-06,17,3
1069,2015-06-19,16,2
1070,2013-01-05,76,2
1071,2013-05-27,28,4
1072,2013-02-02,23,3
1073,2014-08-09,15,3
1074,2013-04-14,64,3
1075,2012-11-13,8,3
1076,2015-12-09,48,1
1077,2015-01-07,17,2
1078,2015-03-21,57,4
1079,2013-10-04,82,1
1080,2015-12-09,92,1
1081,2015-11-11,96,2
1082,2013-03-29,37,4
1083,2008-10-31,63,1
1084,2014-03-26,45,1
1085,2005-11-03,6,2
1086,2013-03-12,88,1
1087,2011-05-16,42,2
1088,2014-06-16,91,1
1089,2009-07-24,86,3
1090,2015-10-13,100,3
1091,2011-11-11,22,4
1092,2012-08-08,30,4
1093,2015-05-19,78,3
1094,2014-08-23,48,4
1095,2011-01-19,39,1
1096,2014-11-27,78,4
1097,2011-08-25,29,3
1098,2013-08-25,95,1
1099,2014-07-11,55,1
1100,2011-07-25,38,1
1101,2015-02-18,25,1
1102,2009-09-30,11,1
1103,2012-11-18,11,4
1104,2014-01-28,47,3
1105,2015-01-01,72,3
1106,2009-12-28,49,1
1107,2013-11-07,50,2
1108,2015-02-11,91,3
1109,2013-04-02,28,3
1110,2015-10-28,57,1
1111,2004-09-26,42,1
1112,2014-06-21,72,3
1113,2014-04-21,4,4
1114,2015-02-28,8,4
1115,2012-02-08,88,1
1116,2012-02-28,8,4
1117,2013-05-11,25,1
1118,2012-07-11,51,3
1119,2014-04-09,45,2
1120,2010-12-09,89,2
1121,2010-09-03,56,3
1122,2009-08-13,87,1
1123,2009-04-27,71,1
1124,2013-01-14,24,2
1125,2006-11-23,21,3
1126,2002-11-18,41,3
1127,2015-09-12,48,3
1128,2013-02-08,47,3
1129,2013-10-24,95,2
1130,2012-01-26,56,1
1131,2015-05-13,75,1
1132,2002-05-31,41,3
1133,2015-09-01,52,1
1134,2012-09-26,16,2
1135,2015-11-21,16,4
1136,2013-04-30,46,2
1137,2013-12-09,7,4
1138,2015-07-06,26,2
1139,2008-12-02,14,3
1140,2007-12-11,5,4
1141,2011-11-05,30,1
1142,2007-11-14,30,1
1143,2015-08-26,100,2
1144,2012-10-12,79,1
1145,2012-09-27,32,1
1146,2014-03-31,72,2
1147,2010-07-14,74,2
1148,2010-06-28,6,2
1149,2015-11-08,33,1
1150,2015-07-30,16,1
1151,2012-12-21,7,4
1152,2015-06-01,45,3
1153,2014-05-11,22,4
1154,2015-04-04,39,2
1155,2015-11-18,46,1
1156,2015-04-08,57,3
1157,2012-04-24,63,3
1158,2014-09-19,62,3
1159,2001-06-10,50,1
1160,2012-04-09,67,3
1161,2015-12-14,61,4
1162,2015-10-10,66,1
1163,2013-07-21,8,3
1164,2015-03-10,94,2
1165,2013-07-30,80,2
1166,2012-06-10,24,1
1167,2013-10-12,46,1
1168,2008-04-28,60,1
1169,2015-07-21,35,3
1170,2015-03-08,97,2
1171,2015-04-15,79,1
1172,2013-06-12,73,2
1173,2012-08-11,8,1
1174,2011-04-18,80,3
1175,2014-12-25,67,3
1176,2015-11-12,92,1
1177,2014-05-22,95,2
1178,2015-07-15,24,4
1179,2015-03-24,10,2
1180,2014-02-16,19,3
1181,2014-06-20,100,4
1182,2015-10-25,93,2
1183,2012-04-01,41,2
1184,2011-02-28,60,3
1185,2015-02-07,47,1
1186,2013-12-17,19,3
1187,2013-09-21,86,3
1188,2014-10-22,40,4
1189,2014-07-02,97,3
1190,2010-11-19,5,1
1191,2012-07-19,11,3
1192,2014-11-17,54,1
1193,2010-10-22,94,3
1194,2014-09-30,89,2
1195,2015-06-06,39,3
1196,2014-04-26,82,3
1197,2003-03-28,51,4
1198,2008-05-16,74,3
1199,2014-07-05,22,1
1200,2006-04-25,20,3
1201,2015-11-11,70,4
1202,2015-11-27,99,4
1203,2015-12-07,99,2
1204,2014-11-11,68,2
1205,2014-07-19,46,4
1206,2013-12-16,83,1
1207,2014-09-17,64,3
1208,2011-10-20,12,2
1209,2015-02-02,98,4
1210,2006-09-03,49,4
1211,2011-05-28,12,4
1212,2013-12-25,11,2
1213,2014-06-26,27,2
1214,2015-06-01,59,3
1215,2014-12-08,2,2
1216,2015-09-12,66,4
1217,2008-06-28,12,1
1218,2004-12-23,32,4
1219,2011-04-13,36,1
1220,2015-11-25,26,2
1221,2014-08-18,47,2
1222,2011-06-15,56,3
1223,2015-10-03,93,1
1224,2014-04-07,35,4
1225,2006-05-05,19,1
1226,2014-11-16,100,1
1227,2015-04-29,39,2
1228,2012-04-25,13,3
1229,2008-02-05,17,4
1230,2015-10-09,72,4
1231,2010-10-03,83,2
1232,2015-05-13,31,3
1233,2003-01-17,17,3
1234,2007-10-08,19,2
1235,2008-07-01,67,1
1236,2005-06-16,89,1
1237,2013-10-04,100,4
1238,2010-04-17,42,4
1239,2013-01-30,83,3
1240,2014-04-17,75,1
1241,2005-04-25,21,3
1242,2011-08-28,18,2
1243,2015-11-09,3,2
1244,2014-02-16,53,4
1245,2010-05-19,17,1
1246,2008-12-01,65,1
1247,2012-01-07,8,4
1248,2015-09-09,2,3
1249,2015-09-08,21,2
1250,2014-01-19,74,3
1251,2014-06-30,88,2
1252,2014-10-14,35,3
1253,2015-06-21,52,2
1254,2007-03-14,51,4
1255,2015-06-12,76,1
1256,2010-10-22,43,4
1257,2014-07-24,75,1
1258,2012-08-23,84,1
1259,2014-12-10,73,3
1260,2003-05-10,42,2
1261,2015-12-30,99,1
1262,2015-05-22,34,2
1263,2015-10-01,6,1
1264,2015-10-28,20,3
1265,2012-02-02,11,4
1266,2008-10-31,67,4
1267,2006-05-10,94,2
1268,2015-03-15,45,2
1269,2015-04-11,65,1
1270,2012-05-20,10,2
1271,2014-11-19,28,2
1272,2015-12-16,96,2
1273,2015-04-16,31,3
1274,2001-07-07,13,2
1275,2015-12-02,60,4
1276,2015-06-04,98,4
1277,2012-07-26,23,2
1278,2014-02-18,88,3
1279,2015-07-28,52,1
1280,2009-08-07,33,2
1281,2010-12-05,25,4
1282,2013-02-28,44,1
1283,2012-07-26,25,1
1284,2009-05-14,63,3
1285,2010-09-01,33,4
1286,2014-11-25,67,2
1287,2015-11-22,61,3
1288,2011-12-03,94,3
1289,2015-07-07,72,2
1290,2012-08-17,76,4
1291,2010-10-24,77,1
1292,2005-03-23,19,4
1293,2014-07-12,97,3
1294,2015-05-31,70,4
1295,2014-11-15,91,4
1296,2014-05-21,92,2
1297,2007-09-05,69,1
1298,2013-11-09,15,3
1299,2010-02-18,38,3
1300,2015-08-01,68,3
1301,2011-12-24,10,2
1302,2015-02-08,70,4
1303,2014-09-22,54,2
1304,2012-01-28,12,1
1305,2010-12-08,49,1
1306,2008-06-15,95,2
1307,2015-04-27,62,2
1308,2012-09-21,37,1
1309,2013-10-08,37,2
1310,2015-05-20,56,3
1311,2006-08-21,5,2
1312,2014-04-16,98,1
1313,2013-12-28,5,3
1314,2015-08-22,3,3
1315,2009-02-23,60,3
1316,2015-12-30,85,2
1317,2011-12-19,2,3
1318,2015-12-17,96,3
1319,2015-08-16,52,2
1320,2008-04-15,67,1
1321,2010-08-04,27,3
1322,2008-10-13,65,1
1323,2011-05-06,38,4
1324,2012-09-27,77,2
1325,2011-04-06,39,4
1326,2012-08-09,38,4
1327,2015-07-05,41,1
1328,2004-12-18,51,1
1329,2015-07-04,47,3
1330,2015-03-17,52,4
1331,2014-11-16,68,4
1332,2011-04-23,17,3
1333,2014-05-18,82,1
1334,2006-12-24,83,1
1335,2005-02-14,81,4
1336,2009-11-03,2,1
1337,2015-07-22,31,2
1338,2012-05-05,55,2
1339,2014-01-28,58,1
1340,2011-11-05,95,2
1341,2014-06-18,62,2
1342,2014-07-28,40,2
1343,2015-06-09,53,3
1344,2009-09-07,2,3
1345,2012-02-09,20,2
1346,2009-07-14,67,2
1347,2015-10-12,53,4
1348,2009-07-27,77,2
1349,2013-12-17,38,3
1350,2010-09-09,5,2
1351,2014-06-29,37,3
1352,2003-09-04,42,4
1353,2009-06-13,83,3
1354,2015-03-17,79,2
1355,2013-07-21,49,1
1356,2014-08-12,15,2
1357,2015-10-20,60,2
1358,2012-03-13,18,2
1359,2015-06-19,33,1
1360,2014-11-04,40,1
1361,2010-06-07,84,2
1362,2013-12-05,90,3
1363,2014-05-12,63,2
1364,2013-12-13,77,2
1365,2010-08-12,14,4
1366,2015-03-29,45,4
1367,2015-03-31,63,1
1368,2002-12-17,51,4
1369,2015-09-14,8,3
1370,2008-04-22,63,3
1371,2015-10-27,96,3
1372,2015-09-08,64,3
1373,2015-11-01,35,4
1374,2015-05-31,45,3
1375,2015-11-23,61,4
1376,2015-11-11,93,2
1377,2015-07-18,19,1
1378,2015-09-17,35,2
1379,2012-08-24,15,3
1380,2009-05-30,13,2
1381,2014-11-29,94,2
1382,2015-11-20,99,4
1383,2008-07-27,55,2
1384,2011-12-02,13,2
1385,2013-03-24,78,3
1386,2015-06-10,9,4
1387,2014-08-31,62,1
1388,2014-01-07,98,1
1389,2013-10-12,72,4
1390,2011-07-15,83,2
1391,2014-02-13,22,3
1392,2013-11-15,76,3
1393,2007-02-15,29,1
1394,2003-05-03,89,2
1395,2015-04-01,100,2
1396,2015-04-09,24,2
1397,2014-07-14,94,3
1398,2013-12-16,59,3
1399,2010-05-20,18,3
1400,2015-11-17,99,2
1401,2010-03-27,5,1
1402,2015-01-10,79,1
1403,2008-11-28,11,3
1404,2012-09-17,67,3
1405,2006-08-27,20,1
1406,2013-10-30,78,1
1407,2014-05-26,48,2
1408,2013-11-30,30,1
1409,2015-01-18,54,3
1410,2014-01-21,16,1
1411,2013-11-11,59,3
1412,2005-06-05,42,4
1413,2012-09-30,81,3
1414,2010-03-18,2,1
1415,2015-11-15,47,4
1416,2010-08-20,46,1
1417,2015-12-16,92,1
1418,2011-09-11,8,4
1419,2011-03-17,60,2
1420,2001-11-14,21,3
1421,2003-02-19,81,2
1422,2011-01-22,1,4
1423,2014-06-08,33,3
1424,2007-06-22,19,1
1425,2010-02-05,50,3
1426,2015-10-06,100,1
1427,2015-09-15,35,4
1428,2015-08-23,57,4
1429,2015-08-26,57,3
1430,2008-04-23,14,2
1431,2015-09-02,34,4
1432,2014-05-20,81,1
1433,2014-12-27,89,2
1434,2014-12-13,41,1
1435,2014-03-20,84,3
1436,2015-06-09,73,1
1437,2009-11-09,4,3
1438,2011-02-07,16,1
1439,2014-02-01,79,2
1440,2015-09-03,26,3
1441,2014-11-23,24,4
1442,2014-04-21,29,1
1443,2012-01-05,68,2
1444,2013-04-26,23,3
1445,2012-03-12,56,4
1446,2004-09-19,81,1
1447,2014-09-25,40,3
1448,2003-07-06,21,1
1449,2010-12-11,87,3
1450,2013-12-01,8,1
1451,2014-12-24,52,3
1452,2005-07-06,42,3
1453,2015-11-12,57,3
1454,2013-03-17,84,4
1455,2014-07-01,98,1
1456,2015-07-19,92,2
1457,2013-10-31,50,3
1458,2008-06-06,12,3
1459,2009-04-16,3,4
1460,2014-01-26,41,3
1461,2010-07-22,80,2
1462,2015-01-29,38,2
1463,2011-02-22,64,4
1464,2010-05-04,90,4
1465,2006-12-17,21,4
1466,2012-08-27,3,3
1467,2012-07-29,11,2
1468,2014-01-25,37,3
1469,2014-03-19,16,1
1470,2010-12-16,95,2
1471,2015-02-13,53,4
1472,2015-05-17,57,2
1473,2013-09-07,18,4
1474,2015-08-16,47,3
1475,2015-05-04,35,2
1476,2014-02-15,78,3
1477,2014-05-02,35,3
1478,2015-09-10,21,3
1479,2011-07-25,87,1
1480,2012-02-19,20,2
1481,2011-05-08,25,3
1482,2013-05-22,28,3
1483,2014-12-28,9,1
1484,2011-07-27,2,3
1485,2002-09-05,4,3
1486,2014-12-12,3,3
1487,2013-06-15,8,3
1488,2008-02-23,56,2
1489,2012-01-11,90,3
1490,2013-06-23,16,4
1491,2015-12-31,85,2
1492,2009-05-22,7,3
1493,2013-10-06,46,3
1494,2014-03-20,98,1
1495,2011-05-19,8,3
1496,2015-08-10,58,3
1497,2015-12-31,85,1
1498,2009-07-08,77,4
1499,2014-02-04,67,2
1500,2013-01-10,84,3
1501,2015-12-21,99,2
1502,2012-12-31,10,4
1503,2015-03-24,24,3
1504,2015-02-21,14,1
1505,2015-12-21,20,2
1506,2004-03-18,86,1
1507,2015-04-29,100,2
1508,2015-12-14,88,2
1509,2005-01-04,41,1
1510,2010-04-04,65,3
1511,2012-01-20,64,4
1512,2012-09-25,80,1
1513,2011-03-15,90,3
1514,2013-07-15,25,4
1515,2012-12-13,28,3
1516,2014-01-02,4,3
1517,2013-08-12,44,3
1518,2015-09-03,26,2
1519,2014-06-05,88,4
1520,2007-07-28,71,1
1521,2013-01-13,33,1
1522,2010-01-21,29,3
1523,2015-03-12,84,2
1524,2010-10-04,20,3
1525,2014-12-16,60,2
1526,2013-07-23,23,4
1527,2014-03-21,89,3
1528,2013-07-28,36,4
1529,2014-09-16,48,1
1530,2009-12-30,68,3
1531,2003-03-04,13,3
1532,2015-09-29,26,4
1533,2009-02-21,54,3
1534,2013-07-05,74,1
1535,2009-11-29,65,4
1536,2010-10-23,42,4
1537,2015-12-31,85,2
1538,2014-07-10,9,2
1539,2012-06-21,10,1
1540,2013-12-21,36,4
1541,2015-07-31,15,1
1542,2013-04-22,15,2
1543,2014-04-05,94,4
1544,2006-09-22,20,4
1545,2015-12-22,31,3
1546,2013-06-15,78,3
1547,2015-12-04,57,3
1548,2013-12-30,49,1
1549,2013-10-05,50,3
1550,2013-01-07,6,2
1551,2012-07-06,74,2
1552,2013-12-23,40,4
1553,2015-03-19,52,4
1554,2007-11-27,83,1
1555,2015-07-06,9,1
1556,2007-12-26,12,4
1557,2008-03-30,94,1
1558,2015-09-03,92,2
1559,2015-04-14,56,1
1560,2015-12-25,97,3
1561,2015-09-26,35,3
1562,2015-01-22,88,1
1563,2014-03-10,44,1
1564,2008-12-04,74,4
1565,2015-12-30,85,1
1566,2011-07-14,91,2
1567,2015-06-16,23,4
1568,2014-02-19,76,1
1569,2015-07-21,26,2
1570,2015-07-08,53,3
1571,2014-06-09,38,3
1572,2015-10-17,23,3
1573,2002-06-24,69,4
1574,2015-11-13,96,2
1575,2010-06-07,14,4
1576,2011-06-25,6,4
1577,2014-10-20,100,2
1578,2009-11-19,5,3
1579,2010-10-06,27,2
1580,2015-12-31,85,2
1581,2013-10-04,77,2
1582,2014-04-18,35,1
1583,2013-03-03,1,4
1584,2015-02-22,40,2
1585,2014-07-11,35,1
1586,2014-06-03,21,1
1587,2011-07-09,80,3
1588,2011-06-19,18,2
1589,2009-05-05,27,4
1590,2013-05-09,22,1
1591,2014-07-27,33,4
1592,2015-09-02,96,2
1593,2012-02-20,2,4
1594,2015-02-02,52,1
1595,2015-05-17,2,2
1596,2011-12-31,81,4
1597,2014-03-04,15,4
1598,2014-11-02,44,2
1599,2014-10-25,44,2
1600,2012-06-17,94,1
1601,2012-02-28,7,4
1602,2012-04-28,54,2
1603,2006-05-26,63,2
1604,2015-12-31,85,4
1605,2010-08-12,30,3
1606,2010-11-06,87,1
1607,2010-05-26,67,3
1608,2014-08-29,63,3
1609,2015-04-16,28,2
1610,2015-03-19,35,2
1611,2006-08-22,51,2
1612,2008-11-29,19,2
1613,2006-08-23,51,3
1614,2006-02-08,13,1
1615,2014-12-31,70,1
1616,2013-02-23,54,1
1617,2008-11-23,69,3
1618,2011-05-16,68,4
1619,2013-03-17,84,4
1620,2010-03-14,83,4
1621,2010-12-17,16,2
1622,2009-07-13,33,3
1623,2015-12-23,99,1
1624,2015-08-14,50,3
1625,2013-08-12,80,1
1626,2010-12-28,33,2
1627,2005-04-23,60,4
1628,2013-08-16,71,4
1629,2013-10-18,69,1
1630,2011-04-28,46,3
1631,2015-11-17,53,1
1632,2008-11-28,81,2
1633,2015-12-13,99,4
1634,2012-12-23,39,1
1635,2013-02-11,18,2
1636,2006-07-08,29,2
1637,2002-03-30,71,3
1638,2005-08-13,50,4
1639,2014-09-23,14,3
1640,2015-09-12,18,1
1641,2014-09-23,92,3
1642,2015-03-31,35,3
1643,2013-05-23,37,2
1644,2015-10-08,52,1
1645,2005-09-16,89,3
1646,2015-02-27,23,2
1647,2014-09-03,53,4
1648,2012-12-11,15,1
1649,2015-06-27,83,3
1650,2015-11-10,99,1
1651,2008-06-07,10,1
1652,2015-09-11,31,1
1653,2015-12-14,57,3
1654,2010-06-15,12,3
1655,2008-09-09,19,3
1656,2015-02-18,15,4
1657,2010-01-14,38,1
1658,2012-11-01,23,2
1659,2015-10-14,61,3
1660,2011-03-13,63,3
1661,2015-08-10,54,3
1662,2015-07-17,40,2
1663,2004-03-23,21,2
1664,2012-10-29,8,1
1665,2015-02-11,6,4
1666,2007-06-11,89,3
1667,2015-01-08,95,2
1668,2013-10-16,36,4
1669,2012-04-30,23,2
1670,2015-10-13,93,2
1671,2014-04-04,35,3
1672,2012-01-28,72,2
1673,2011-10-28,4,3
1674,2012-12-07,67,2
1675,2015-06-06,48,3
1676,2013-10-27,8,4
1677,2012-01-07,54,4
1678,2012-12-02,86,3
1679,2015-12-30,85,2
1680,2015-07-12,15,2
1681,2015-11-28,93,4
1682,2015-05-04,31,2
1683,2015-01-25,34,2
1684,2015-12-30,85,2
1685,2005-05-26,29,3
1686,2015-05-06,52,2
1687,2012-11-08,37,4
1688,2008-02-12,42,3
1689,2014-03-21,95,4
1690,2007-10-05,65,3
1691,2013-03-23,71,3
1692,2015-08-08,26,2
1693,2014-03-28,68,1
1694,2010-04-06,43,2
1695,2015-01-27,53,3
1696,2014-01-04,20,4
1697,2015-05-30,54,3
1698,2013-05-10,7,4
1699,2014-11-13,10,3
1700,2007-06-29,14,3
1701,2013-08-04,39,2
1702,2006-03-18,30,3
1703,2013-04-03,13,3
1704,2004-11-10,29,2
1705,2015-02-16,59,1
1706,2013-10-28,91,4
1707,2003-06-20,5,1
1708,2012-02-13,90,2
1709,2005-11-29,51,2
1710,2013-02-14,49,4
1711,2015-02-24,95,1
1712,2006-04-15,29,2
1713,2012-10-30,74,1
1714,2006-03-21,20,4
1715,2007-03-04,63,2
1716,2013-07-22,22,1
1717,2009-07-17,41,2
1718,2004-03-01,41,2
1719,2012-01-19,84,3
1720,2015-10-10,92,2
1721,2015-11-28,52,3
1722,2014-11-06,44,1
1723,2015-08-29,94,4
1724,2015-01-22,76,1
1725,2013-10-13,100,3
1726,2015-12-31,59,4
1727,2009-10-19,32,1
1728,2015-10-22,92,1
1729,2006-03-01,77,2
1730,2012-11-24,46,3
1731,2014-12-01,94,1
1732,2006-09-07,30,2
1733,2015-09-06,23,1
1734,2008-06-22,6,3
1735,2015-10-03,77,2
1736,2015-12-06,96,1
1737,2015-10-19,54,3
1738,2015-07-23,92,4
1739,2013-06-21,23,2
1740,2008-08-09,43,4
1741,2003-10-14,60,3
1742,2009-10-27,17,2
1743,2014-08-20,22,3
1744,2014-02-08,98,1
1745,2009-08-13,87,3
1746,2013-06-26,25,4
1747,2014-03-06,58,4
1748,2015-01-04,65,2
1749,2014-03-13,41,4
1750,2013-11-09,30,1
1751,2015-05-12,57,2
1752,2015-08-19,100,2
1753,2004-01-17,41,2
1754,2012-10-16,88,2
1755,2003-10-08,60,4
1756,2015-05-22,52,3
1757,2000-11-06,81,4
1758,2015-12-22,96,2
1759,2012-02-26,44,1
1760,2012-03-21,42,2
1761,2015-06-01,31,1
1762,2013-04-02,2,4
1763,2012-04-23,79,4
1764,2015-12-31,85,3
1765,2013-01-01,22,2
1766,2011-02-05,88,2
1767,2004-03-25,43,1
1768,2014-03-14,78,3
1769,2015-08-11,5,2
1770,2011-06-30,58,2
1771,2009-11-09,71,1
1772,2015-08-01,26,2
1773,2004-08-16,4,3
1774,2014-05-04,78,1
1775,2014-08-19,75,4
1776,2012-07-06,21,1
1777,2006-07-09,19,2
1778,2014-03-19,35,3
1779,2009-08-27,54,1
1780,2014-04-24,11,2
1781,2015-07-21,88,4
1782,2011-09-07,44,4
1783,2015-04-22,91,3
1784,2014-10-29,76,3
1785,2007-07-10,21,1
1786,2015-01-20,84,4
1787,2015-09-04,98,2
1788,2014-02-28,47,3
1789,2015-12-27,45,4
1790,2008-09-10,17,1
1791,2010-09-14,30,3
1792,2011-09-10,7,2
1793,2015-10-18,22,3
1794,2015-07-26,26,1
1795,2012-04-17,14,1
1796,2012-05-25,22,2
1797,2009-06-25,33,2
1798,2012-06-22,18,4
1799,2011-11-23,90,1
1800,2005-08-30,6,3
1801,2015-05-23,35,4
1802,2015-12-31,85,2
1803,2013-01-23,1,1
1804,2003-05-22,60,3
1805,2012-03-29,68,3
1806,2013-12-02,39,3
1807,2013-09-10,22,1
1808,2014-10-14,75,3
1809,2014-04-16,35,3
1810,2009-03-01,6,3
1811,2014-09-17,48,2
1812,2015-03-15,48,4
1813,2006-09-22,43,4
1814,2014-03-25,14,4
1815,2012-10-02,15,4
1816,2014-11-27,37,3
1817,2015-10-20,9,4
1818,2015-12-24,61,2
1819,2009-08-25,63,3
1820,2009-07-08,56,1
1821,2014-10-08,100,1
1822,2014-05-20,18,1
1823,2011-06-30,1,1
1824,2012-08-26,86,1
1825,2015-11-17,79,2
1826,2013-10-28,91,3
1827,2012-08-03,23,2
1828,2015-11-13,26,4
1829,2014-01-03,68,1
1830,2015-07-12,25,1
1831,2015-02-11,35,2
1832,2015-08-04,9,2
1833,2005-02-19,81,1
1834,2009-07-23,32,2
1835,2013-04-12,76,2
1836,2006-10-27,65,2
1837,2013-03-01,23,3
1838,2002-06-17,41,3
1839,2011-03-31,18,1
1840,2014-06-15,20,4
1841,2010-11-26,43,1
1842,2015-10-30,57,2
1843,2012-04-04,4,4
1844,2014-05-13,56,1
1845,2013-11-19,65,2
1846,2014-02-20,37,3
1847,2015-04-13,53,1
1848,2014-10-24,90,4
1849,2015-02-25,53,2
1850,2015-08-20,26,2
1851,2005-11-26,29,4
1852,2015-05-26,20,4
1853,2013-03-29,88,4
1854,2007-02-15,60,3
1855,2013-10-18,7,3
1856,2015-10-17,93,3
1857,2014-03-23,9,2
1858,2013-10-11,20,1
1859,2010-07-13,94,2
1860,2015-12-07,61,2
1861,2005-03-03,30,4
1862,2013-11-21,100,2
1863,2015-08-05,69,4
1864,2014-01-09,67,1
1865,2015-04-02,98,4
1866,2013-12-09,39,4
1867,2015-04-22,73,4
1868,2013-10-07,36,3
1869,2014-03-20,82,3
1870,2005-11-30,20,3
1871,2011-06-29,80,4
1872,2015-11-01,96,4
1873,2012-01-14,22,1
1874,2005-10-13,41,1
1875,2015-05-08,57,4
1876,2015-06-20,57,4
1877,2008-08-12,19,4
1878,2012-06-04,17,2
1879,2015-09-10,48,1
1880,2015-12-30,85,4
1881,2013-11-21,72,1
1882,2007-10-19,20,1
1883,2010-06-10,89,2
1884,2015-10-21,18,2
1885,2011-12-27,55,1
1886,2014-10-03,75,4
1887,2010-12-30,25,4
1888,2014-08-22,65,3
1889,2002-10-22,50,3
1890,2015-07-05,35,4
1891,2013-03-11,22,2
1892,2015-09-24,86,2
1893,2015-03-01,16,4
1894,2015-11-04,96,1
1895,2015-01-18,9,4
1896,2007-08-01,7,1
1897,2009-06-15,43,3
1898,2014-10-18,76,1
1899,2015-03-27,40,1
1900,2015-12-04,66,2
1901,2015-07-22,97,4
1902,2012-05-02,91,4
1903,2010-11-10,87,2
1904,2015-08-23,66,2
1905,2014-10-21,69,4
1906,2015-02-24,9,3
1907,2012-11-02,4,4
1908,2014-10-02,34,3
1909,2014-05-03,53,1
1910,2015-08-28,45,1
1911,2014-02-13,49,3
1912,2015-11-23,70,2
1913,2014-10-04,23,1
1914,2013-08-01,79,4
1915,2015-10-28,26,3
1916,2014-08-07,76,3
1917,2004-09-09,41,2
1918,2014-09-08,71,4
1919,2005-09-27,10,4
1920,2005-11-26,5,4
1921,2015-08-13,3,2
1922,2003-09-13,5,4
1923,2010-09-25,20,2
1924,2011-10-23,22,4
1925,2015-12-05,57,2
1926,2004-10-02,13,3
1927,2013-05-03,15,2
1928,2012-08-28,78,1
1929,2014-09-17,100,2
1930,2014-10-03,69,2
1931,2015-06-01,16,2
1932,2015-12-30,31,4
1933,2012-04-29,91,2
1934,2015-10-20,83,4
1935,2010-08-18,20,3
1936,2014-10-13,70,2
1937,2015-09-14,92,2
1938,2015-08-06,11,3
1939,2010-08-21,73,1
1940,2014-05-17,53,4
1941,2015-09-05,26,2
1942,2013-01-21,78,3
1943,2015-11-12,100,2
1944,2015-10-13,31,3
1945,2004-05-07,13,1
1946,2012-01-20,18,2
1947,2015-12-31,85,2
1948,2007-10-25,32,1
1949,2012-10-17,91,4
1950,2014-08-01,3,1
1951,2012-12-08,8,2
1952,2007-05-20,51,2
1953,2006-11-22,3,4
1954,2001-05-30,81,2
1955,2011-09-25,27,2
1956,2015-04-06,52,3
1957,2001-08-19,50,2
1958,2015-08-01,78,3
1959,2012-04-07,22,4
1960,2014-03-07,80,3
1961,2015-05-10,92,1
1962,2015-03-14,82,4
1963,2015-12-04,26,2
1964,2011-07-14,38,3
1965,2010-04-15,81,3
1966,2008-09-19,55,2
1967,2014-04-02,7,3
1968,2015-04-10,53,3
1969,2012-10-16,78,3
1970,2015-02-07,84,1
1971,2014-07-03,91,4
1972,2006-05-25,71,1
1973,2015-11-27,75,4
1974,2014-03-07,40,3
1975,2015-03-23,52,2
1976,2001-11-12,50,3
1977,2015-12-28,31,1
1978,2015-12-25,22,1
1979,2014-11-10,78,1
1980,2011-10-10,22,2
1981,2015-11-02,61,3
1982,2004-10-31,71,2
1983,2014-04-06,23,4
1984,2015-02-10,95,2
1985,2014-06-03,23,2
1986,2015-06-15,9,4
1987,2005-03-08,4,2
1988,2015-05-23,45,4
1989,2014-03-30,75,4
1990,2014-10-18,60,3
1991,2010-10-31,67,3
1992,2005-06-19,4,3
1993,2011-10-22,84,2
1994,2010-02-23,20,3
1995,2011-09-29,65,3
1996,2014-10-01,100,2
1997,2012-12-20,27,4
1998,2012-12-03,4,3
1999,2014-09-21,15,2
2000,2015-12-14,99,1
2001,2012-09-02,79,4
2002,2015-03-24,27,2
2003,2015-07-26,35,3
2004,2013-09-12,68,3
2005,2015-12-03,99,3
2006,2013-12-08,22,4
2007,2014-06-10,86,4
2008,2013-02-14,91,2
2009,2009-12-07,41,3
2010,2010-09-17,46,3
2011,2014-06-06,64,1
2012,2011-09-22,27,2
2013,2011-05-15,42,1
2014,2015-06-08,57,4
2015,2009-04-25,60,4
2016,2012-06-30,94,3
2017,2014-03-26,87,2
2018,2010-01-10,38,4
2019,2011-09-03,67,4
2020,2015-10-17,93,4
2021,2010-12-06,39,2
2022,2015-06-11,66,4
2023,2013-09-26,54,4
2024,2012-12-30,91,2
2025,2013-01-06,15,3
2026,2010-02-06,27,4
2027,2015-10-13,70,1
2028,2014-12-25,56,3
2029,2015-04-22,88,2
2030,2012-04-12,54,1
2031,2015-08-14,33,1
2032,2011-05-30,68,4
2033,2015-10-27,93,4
2034,2015-04-17,62,3
2035,2009-03-28,12,2
2036,2015-06-15,31,1
2037,2011-02-03,7,3
2038,2015-08-04,9,4
2039,2015-09-30,93,4
2040,2013-04-10,79,1
2041,2010-11-19,38,4
2042,2013-04-20,79,2
2043,2015-10-12,96,4
2044,2014-08-10,75,3
2045,2004-01-28,55,3
2046,2014-04-21,91,2
2047,2015-09-09,23,1
2048,2014-11-26,48,3
2049,2013-11-17,82,2
2050,2015-09-06,15,2
2051,2010-09-26,51,2
2052,2012-06-09,60,4
2053,2008-01-08,95,2
2054,2014-01-19,46,4
2055,2013-05-02,10,3
2056,2015-06-25,52,4
2057,2015-07-28,34,3
2058,2014-11-09,79,2
2059,2008-04-21,81,3
2060,2008-07-21,3,2
2061,2015-07-10,49,3
2062,2014-11-21,84,2
2063,2008-06-23,49,2
2064,2015-08-15,15,1
2065,2010-06-18,18,3
2066,2014-12-31,33,4
2067,2015-12-28,3,3
2068,2014-08-19,28,3
2069,2012-06-02,91,2
2070,2008-04-28,12,4
2071,2015-03-06,70,4
2072,2012-04-01,6,1
2073,2007-08-13,19,2
2074,2015-04-03,33,3
2075,2010-08-27,17,4
2076,2013-09-24,13,4
2077,2015-06-08,52,1
2078,2013-09-29,73,4
2079,2013-11-21,76,4
2080,2014-05-01,33,1
2081,2013-03-31,1,1
2082,2012-10-16,69,1
2083,2015-03-15,77,3
2084,2013-06-21,37,1
2085,2015-12-03,35,3
2086,2013-06-01,41,1
2087,2015-12-21,20,2
2088,2015-11-11,93,1
2089,2015-12-10,93,4
2090,2014-12-01,35,2
2091,2013-09-13,89,2
2092,2015-09-09,9,4
2093,2008-08-06,41,4
2094,2015-12-06,99,2
2095,2015-08-04,82,2
2096,2015-08-16,57,3
2097,2007-11-27,27,1
2098,2009-09-10,54,1
2099,2015-04-07,52,1
2100,2013-11-12,97,4
2101,2014-11-17,70,1
2102,2015-08-24,12,4
2103,2011-08-11,33,3
2104,2014-05-03,28,4
2105,2013-04-08,16,2
2106,2015-08-13,20,2
2107,2011-01-09,84,4
2108,2008-01-19,90,4
2109,2015-02-09,72,4
2110,2005-04-29,17,1
2111,2015-10-28,14,4
2112,2011-11-15,12,1
2113,2011-12-03,83,4
2114,2014-09-22,75,2
2115,2010-06-11,33,3
2116,2013-11-07,72,4
2117,2015-03-21,38,1
2118,2011-09-11,86,1
2119,2012-08-24,8,3
2120,2012-01-28,63,3
2121,2010-03-28,67,3
2122,2012-05-22,23,1
2123,2012-11-06,23,1
2124,2006-11-04,65,1
2125,2010-04-05,49,1
2126,2014-04-05,38,4
2127,2008-08-17,49,2
2128,2012-07-23,5,2
2129,2015-08-16,31,4
2130,2015-10-15,66,2
2131,2015-04-20,38,4
2132,2015-05-12,52,1
2133,2011-06-08,17,1
2134,2003-08-08,17,1
2135,2015-11-08,81,3
2136,2014-03-07,12,3
2137,2015-09-29,28,1
2138,2009-03-10,11,2
2139,2015-11-22,41,2
2140,2015-10-06,2,2
2141,2012-06-03,80,1
2142,2013-09-03,80,1
2143,2014-08-23,53,2
2144,2013-05-17,97,1
2145,2013-03-29,77,4
2146,2015-02-15,11,1
2147,2015-11-16,66,2
2148,2007-05-02,3,1
2149,2015-05-16,9,4
2150,2013-08-21,23,3
2151,2015-05-13,45,2
2152,2015-12-25,57,4
2153,2014-07-12,78,1
2154,2013-09-24,21,4
2155,2015-11-20,63,1
2156,2014-03-16,24,2
2157,2015-12-23,61,1
2158,2009-11-03,7,2
2159,2015-03-02,82,1
2160,2012-08-30,16,1
2161,2015-09-23,31,4
2162,2008-07-12,20,3
2163,2009-03-04,94,2
2164,2014-12-28,1,2
2165,2010-02-05,68,2
2166,2015-05-15,34,1
2167,2012-12-13,83,3
2168,2001-02-10,50,2
2169,2015-04-12,40,2
2170,2014-10-22,58,2
2171,2009-11-05,11,1
2172,2015-03-28,48,1
2173,2015-10-11,96,1
2174,2012-03-09,1,1
2175,2012-11-11,83,3
2176,2013-07-19,78,3
2177,2009-03-24,11,2
2178,2011-05-28,58,1
2179,2015-11-15,48,2
2180,2015-05-06,52,2
2181,2015-09-21,75,3
2182,2013-06-30,68,3
2183,2009-10-12,11,3
2184,2014-05-29,37,1
2185,2015-03-24,27,4
2186,2011-09-12,95,4
2187,2010-09-04,16,4
2188,2012-07-23,74,4
2189,2014-05-28,92,2
2190,2007-05-08,71,4
2191,2015-12-09,100,2
2192,2013-09-28,98,2
2193,2015-02-06,70,4
2194,2014-05-03,58,1
2195,2015-09-27,8,3
2196,2012-08-06,21,3
2197,2008-05-02,10,3
2198,2014-11-17,8,4
2199,2015-09-16,78,2
2200,2010-01-13,80,3
2201,2011-06-29,87,3
2202,2012-01-09,14,2
2203,2014-06-29,55,1
2204,2014-08-21,1,4
2205,2015-12-30,99,4
2206,2014-07-19,98,3
2207,2014-02-12,18,2
2208,2013-10-17,9,1
2209,2010-04-28,80,1
2210,2012-03-27,23,3
2211,2013-05-16,37,4
2212,2014-05-15,35,3
2213,2015-11-19,61,4
2214,2015-11-17,75,1
2215,2013-04-13,28,2
2216,2013-04-10,11,2
2217,2015-04-03,52,4
2218,2007-03-06,69,3
2219,2013-12-27,47,2
2220,2013-04-17,2,2
2221,2011-02-23,67,2
2222,2013-02-03,5,1
2223,2015-07-17,12,1
2224,2013-02-02,78,4
2225,2015-07-29,42,2
2226,2011-07-24,21,2
2227,2009-03-09,3,4
2228,2014-03-19,8,4
2229,2011-07-10,88,2
2230,2008-06-15,3,4
2231,2012-07-05,76,4
2232,2014-10-29,79,3
2233,2002-12-10,86,1
2234,2014-04-05,27,4
2235,2015-04-11,77,1
2236,2013-02-25,37,1
2237,2014-12-05,46,3
2238,2014-08-01,72,1
2239,2014-09-04,34,2
2240,2010-10-25,18,3
2241,2013-11-19,37,1
2242,2014-11-22,68,3
2243,2015-02-02,7,4
2244,2012-06-05,1,4
2245,2006-03-28,19,4
2246,2014-10-10,53,3
2247,2007-12-29,90,4
2248,2014-07-08,24,3
2249,2009-11-20,33,3
2250,2011-12-24,41,2
2251,2014-03-16,75,1
2252,2014-03-25,1,3
2253,2015-08-30,62,1
2254,2004-04-06,71,1
2255,2014-10-07,13,1
2256,2015-11-30,97,3
2257,2013-09-02,72,3
2258,2015-09-01,52,4
2259,2010-07-27,68,4
2260,2012-05-18,22,1
2261,2011-09-01,54,3
2262,2015-11-24,26,1
2263,2015-09-30,34,1
2264,2013-11-01,98,3
2265,2011-11-30,25,4
2266,2015-12-21,93,2
2267,2013-07-29,68,4
2268,2014-05-17,35,1
2269,2014-09-21,36,1
2270,2006-05-10,50,4
2271,2015-09-07,92,3
2272,2015-08-21,62,3
2273,2005-10-14,6,1
2274,2013-06-01,1,2
2275,2015-04-27,55,2
2276,2011-12-27,90,4
2277,2011-04-30,8,4
2278,2013-06-07,17,4
2279,2012-12-05,73,4
2280,2012-06-04,68,2
2281,2012-10-01,22,2
2282,2013-03-28,72,3
2283,2015-11-18,93,1
2284,2007-11-11,50,3
2285,2013-03-14,16,3
2286,2012-11-22,37,2
2287,2008-10-27,12,1
2288,2012-08-20,42,4
2289,2013-01-12,15,3
2290,2005-04-20,32,4
2291,2013-03-28,78,4
2292,2012-09-15,54,3
2293,2015-11-20,99,2
2294,2015-07-10,34,1
2295,2013-06-02,87,2
2296,2006-10-21,51,3
2297,2012-01-20,23,3
2298,2012-07-19,23,4
2299,2015-12-30,85,2
2300,2012-12-18,79,2
2301,2015-07-19,14,4
2302,2015-12-31,93,2
2303,2015-06-10,48,1
2304,2012-06-21,65,4
2305,2011-01-25,2,3
2306,2013-02-14,44,3
2307,2014-06-21,92,2
2308,2003-03-17,5,1
2309,2007-01-29,69,3
2310,2015-12-31,85,1
2311,2009-01-10,95,1
2312,2013-02-07,47,4
2313,2009-06-03,74,3
2314,2007-07-08,81,4
2315,2013-03-14,25,2
2316,2010-11-23,46,4
2317,2009-07-07,2,3
2318,2005-08-17,29,1
2319,2014-10-04,1,3
2320,2011-08-18,67,4
2321,2015-05-29,45,1
2322,2015-10-10,57,2
2323,2015-08-24,31,2
2324,2008-08-20,65,1
2325,2015-04-04,31,2
2326,2007-10-27,30,2
2327,2015-09-29,93,3
2328,2012-08-02,55,3
2329,2008-11-13,5,4
2330,2013-10-15,22,3
2331,2003-07-27,60,4
2332,2015-05-15,87,4
2333,2014-10-21,64,3
2334,2010-08-25,25,4
2335,2015-02-28,62,3
2336,2004-12-24,51,4
2337,2011-11-08,22,2
2338,2010-12-13,83,4
2339,2013-11-14,23,1
2340,2015-12-19,59,1
2341,2015-08-06,26,2
2342,2006-03-12,86,2
2343,2012-01-04,97,1
2344,2010-10-17,12,1
2345,2013-11-21,6,2
2346,2009-02-19,2,3
2347,2010-08-30,74,1
2348,2013-06-19,13,3
2349,2011-02-17,56,1
2350,2012-06-11,25,3
2351,2010-02-03,55,3
2352,2015-05-04,53,1
2353,2015-12-22,34,4
2354,2006-09-09,94,3
2355,2011-10-29,44,4
2356,2015-06-29,66,3
2357,2011-03-06,88,1
2358,2015-12-17,99,1
2359,2015-04-02,48,4
2360,2012-11-09,97,3
2361,2008-03-27,67,3
2362,2011-07-05,73,4
2363,2010-12-15,12,3
2364,2011-05-29,77,3
2365,2010-10-16,21,2
2366,2008-11-01,65,2
2367,2001-08-22,13,2
2368,2015-11-28,99,2
2369,2015-08-14,26,1
2370,2015-11-03,70,1
2371,2013-12-03,27,3
2372,2002-03-21,4,2
2373,2014-06-28,18,4
2374,2015-11-26,99,2
2375,2007-06-18,30,2
2376,2015-12-11,96,1
2377,2011-07-09,1,3
2378,2015-01-22,12,2
2379,2010-07-12,65,3
2380,2011-04-04,10,3
2381,2012-07-11,73,3
2382,2014-04-27,37,3
2383,2011-09-06,91,3
2384,2007-11-20,7,1
2385,2006-08-12,20,3
2386,2015-10-25,48,1
2387,2012-10-13,28,2
2388,2014-12-15,34,3
2389,2014-03-10,28,4
2390,2008-06-09,69,2
2391,2014-06-02,98,4
2392,2011-05-20,14,4
2393,2015-03-17,84,2
2394,2011-02-01,1,2
2395,2008-05-12,86,1
2396,2012-06-22,29,3
2397,2007-04-17,6,4
2398,2013-06-09,30,1
2399,2008-10-14,49,1
2400,2015-09-23,57,1
2401,2006-09-30,65,4
2402,2008-08-21,54,2
2403,2013-05-29,97,2
2404,2011-11-04,63,3
2405,2013-08-22,98,4
2406,2013-12-10,33,4
2407,2013-09-12,8,4
2408,2015-07-05,78,3
2409,2013-04-12,36,2
2410,2013-12-02,10,3
2411,2011-03-13,54,1
2412,2007-07-09,10,4
2413,2010-11-05,13,3
2414,2008-10-28,74,2
2415,2012-06-16,72,4
2416,2013-06-13,91,4
2417,2015-02-07,53,4
2418,2013-12-01,78,1
2419,2015-04-17,53,3
2420,2012-05-28,12,2
2421,2015-12-17,67,1
2422,2012-02-23,79,1
2423,2012-02-27,29,4
2424,2011-12-14,22,2
2425,2004-10-18,13,3
2426,2014-09-02,82,3
2427,2009-06-24,29,4
2428,2006-03-20,81,3
2429,2006-04-29,55,4
2430,2014-02-19,91,1
2431,2011-09-21,32,4
2432,2012-01-18,23,4
2433,2015-04-24,39,2
2434,2014-04-09,39,3
2435,2008-07-05,5,4
2436,2007-09-20,77,1
2437,2012-01-14,29,4
2438,2011-07-17,84,3
2439,2015-08-23,76,2
2440,2015-12-10,99,1
2441,2015-11-15,75,1
2442,2015-10-30,69,4
2443,2014-05-04,100,4
2444,2015-12-31,85,2
2445,2014-07-09,82,2
2446,2015-04-26,100,4
2447,2011-02-16,55,3
2448,2015-10-26,93,4
2449,2002-02-01,41,4
2450,2004-10-02,89,3
2451,2015-12-15,91,2
2452,2015-08-23,58,3
2453,2014-06-21,15,4
2454,2011-07-20,22,4
2455,2015-12-06,57,3
2456,2008-08-21,12,2
2457,2015-09-18,53,1
2458,2006-05-24,71,2
2459,2015-08-12,58,1
2460,2015-06-24,54,1
2461,2015-01-13,27,2
2462,2006-12-04,49,4
2463,2014-01-19,40,4
2464,2015-05-10,79,4
2465,2008-01-18,86,4
2466,2015-10-24,9,2
2467,2005-03-06,10,3
2468,2009-06-04,74,2
2469,2011-07-29,12,1
2470,2011-10-12,43,2
2471,2009-02-25,77,1
2472,2011-03-19,91,3
2473,2004-01-16,5,2
2474,2014-10-20,88,4
2475,2003-07-18,51,2
2476,2015-09-28,62,1
2477,2015-10-22,46,3
2478,2015-06-12,30,4
2479,2011-10-27,16,2
2480,2009-03-07,95,4
2481,2015-06-13,29,2
2482,2015-12-30,85,3
2483,2013-06-10,15,3
2484,2002-11-28,69,1
2485,2014-08-17,62,4
2486,2010-03-15,74,3
2487,2009-02-18,95,3
2488,2012-07-04,29,2
2489,2013-06-29,37,3
2490,2015-12-16,1,4
2491,2006-11-03,20,2
2492,2010-04-07,83,2
2493,2010-04-19,14,2
2494,2014-10-11,76,4
2495,2014-07-29,53,3
2496,2012-04-27,1,2
2497,2013-09-02,84,2
2498,2006-09-20,51,3
2499,2014-01-04,54,1
2500,2010-03-10,29,3
