id,created_on,creator_id,content
8,2008-04-04,86,Text
14,2015-09-08,2,Text
18,2011-07-26,14,Text
24,2015-03-20,48,Text
28,2015-01-09,54,Text
31,2011-08-24,3,Text
33,2008-08-06,50,Text
34,2013-05-30,82,Text
42,2009-06-07,74,Text
43,2014-02-02,62,Text
54,2015-01-16,13,Text
55,2012-07-20,19,Text
58,2011-08-30,63,Text
59,2015-11-24,61,Text
62,2012-10-15,83,Text
64,2013-03-01,11,Text
66,2011-03-13,80,Text
67,2014-08-15,43,Text
68,2007-07-07,27,Text
70,2010-01-28,38,Text
73,2010-09-12,95,Text
80,2015-12-31,85,Text
85,2002-03-14,50,Text
88,2014-05-29,25,Text
93,2008-08-06,67,Text
95,2012-09-25,73,Text
97,2011-08-13,67,Text
98,2013-01-21,36,Text
99,2013-01-31,33,Text
106,2014-08-29,48,Text
109,2014-04-28,75,Text
110,2013-11-22,69,Text
112,2011-02-27,36,Text
118,2011-01-17,83,Text
120,2007-04-14,20,Text
122,2007-03-10,89,Text
129,2015-11-11,84,Text
132,2013-03-16,86,Text
144,2003-01-26,17,Text
145,2007-02-02,20,Text
148,2014-07-19,40,Text
149,2015-03-31,31,Text
151,2015-11-07,96,Text
155,2012-12-09,68,Text
159,2013-01-21,25,Text
170,2015-07-15,44,Text
181,2011-04-18,84,Text
184,2015-12-25,53,Text
191,2015-02-04,34,Text
193,2013-09-05,15,Text
196,2015-09-18,20,Text
202,2015-03-17,36,Text
204,2014-02-06,53,Text
214,2014-06-13,6,Text
219,2009-12-10,77,Text
221,2015-02-28,82,Text
230,2003-11-25,21,Text
231,2015-12-24,99,Text
244,2010-07-03,80,Text
246,2013-12-24,98,Text
247,2012-07-14,49,Text
248,2005-01-03,29,Text
251,2013-04-02,90,Text
258,2012-06-17,17,Text
260,2011-10-14,44,Text
262,2012-08-31,97,Text
266,2015-09-16,76,Text
268,2013-08-09,51,Text
271,2012-06-20,60,Text
272,2015-02-06,70,Text
274,2014-12-01,46,Text
275,2015-05-23,53,Text
276,2014-10-10,15,Text
278,2012-02-15,30,Text
281,2005-05-08,89,Text
282,2011-06-25,17,Text
285,2015-08-03,34,Text
287,2005-02-27,41,Text
290,2011-05-02,88,Text
300,2015-08-21,82,Text
303,2015-07-23,35,Text
304,2013-10-13,97,Text
312,2014-03-11,11,Text
317,2011-08-05,39,Text
318,2009-01-18,3,Text
320,2013-12-29,30,Text
323,2015-09-02,98,Text
328,2015-12-29,9,Text
329,2013-05-20,24,Text
331,2014-10-10,78,Text
334,2014-10-28,7,Text
337,2013-10-20,29,Text
338,2011-06-13,21,Text
339,2015-01-09,34,Text
342,2001-08-31,41,Text
344,2015-03-20,52,Text
348,2013-08-29,50,Text
355,2012-07-16,36,Text
360,2005-09-11,60,Text
361,2013-12-27,39,Text
364,2015-11-29,99,Text
367,2015-09-03,96,Text
370,2015-10-23,15,Text
372,2015-04-30,87,Text
379,2011-03-25,38,Text
385,2002-03-29,13,Text
387,2014-08-07,24,Text
389,2015-09-11,61,Text
392,2015-08-28,57,Text
399,2011-07-24,27,Text
401,2009-05-04,11,Text
403,2014-04-11,98,Text
405,2015-11-15,31,Text
408,2015-05-09,30,Text
413,2015-11-25,89,Text
414,2015-11-25,99,Text
418,2013-02-15,42,Text
420,2013-11-27,8,Text
421,2015-01-19,53,Text
432,2014-10-13,70,Text
436,2015-03-07,84,Text
437,2010-10-06,18,Text
451,2013-04-02,76,Text
455,2015-09-04,98,Text
457,2015-11-22,70,Text
461,2004-05-20,60,Text
465,2013-04-01,74,Text
471,2013-03-09,1,Text
472,2014-10-04,70,Text
478,2003-09-22,17,Text
481,2011-03-10,7,Text
482,2014-06-07,94,Text
483,2014-08-07,9,Text
485,2013-02-11,49,Text
491,2014-12-17,45,Text
492,2015-02-06,21,Text
495,2015-04-21,90,Text
497,2014-10-05,98,Text
498,2013-07-10,83,Text
502,2012-04-29,39,Text
503,2008-03-30,42,Text
507,2014-06-24,19,Text
510,2015-04-03,53,Text
514,2013-01-24,22,Text
522,2010-02-22,86,Text
528,2014-08-18,58,Text
529,2014-10-09,69,Text
531,2005-06-02,81,Text
533,2013-02-22,36,Text
534,2015-12-17,96,Text
536,2000-08-22,41,Text
544,2009-03-04,12,Text
547,2015-11-26,99,Text
550,2013-06-28,2,Text
552,2015-11-12,73,Text
558,2006-04-14,32,Text
569,2013-07-05,73,Text
570,2011-06-07,46,Text
571,2015-02-12,24,Text
574,2013-10-15,19,Text
577,2006-02-09,65,Text
579,2011-06-13,73,Text
580,2011-08-25,18,Text
582,2006-02-19,65,Text
583,2007-08-22,74,Text
584,2008-10-17,49,Text
586,2015-04-15,7,Text
591,2011-11-17,44,Text
594,2014-07-11,78,Text
606,2011-11-23,5,Text
607,2005-09-30,29,Text
611,2012-06-26,36,Text
620,2010-06-22,33,Text
621,2013-02-04,32,Text
624,2005-09-17,77,Text
631,2012-04-19,12,Text
634,2010-05-21,81,Text
641,2013-02-01,73,Text
642,2009-09-29,33,Text
643,2015-12-01,57,Text
647,2008-11-03,6,Text
651,2015-08-31,96,Text
658,2013-09-01,82,Text
660,2014-04-06,100,Text
664,2011-01-08,55,Text
673,2015-12-31,85,Text
674,2014-06-21,84,Text
685,2014-12-17,70,Text
688,2008-04-22,95,Text
698,2015-09-03,78,Text
699,2010-02-06,73,Text
705,2011-12-05,27,Text
710,2014-10-31,53,Text
712,2014-03-09,91,Text
714,2015-02-12,24,Text
715,2012-10-18,68,Text
717,2015-03-13,23,Text
718,2014-09-14,34,Text
724,2013-07-09,37,Text
726,2009-02-06,50,Text
727,2015-12-31,66,Text
730,2010-05-09,25,Text
732,2014-01-06,42,Text
735,2015-02-25,72,Text
740,2014-12-22,54,Text
743,2014-02-14,38,Text
744,2014-06-01,76,Text
749,2013-02-09,15,Text
750,2015-11-10,35,Text
753,2015-06-09,88,Text
767,2015-02-24,70,Text
769,2015-03-15,8,Text
776,2015-05-24,45,Text
778,2010-10-02,64,Text
783,2011-08-22,51,Text
785,2014-02-26,100,Text
786,2011-06-21,12,Text
789,2013-02-14,97,Text
790,2008-07-22,90,Text
793,2014-06-23,9,Text
794,2012-08-31,14,Text
795,2015-10-12,93,Text
797,2012-03-17,38,Text
800,2008-06-26,6,Text
807,2015-08-31,98,Text
808,2013-10-13,80,Text
817,2011-08-15,11,Text
820,2012-08-09,11,Text
827,2009-05-08,27,Text
834,2015-12-31,93,Text
835,2012-04-07,39,Text
840,2015-03-20,82,Text
842,2010-04-08,51,Text
849,2015-07-31,75,Text
854,2011-03-18,49,Text
856,2013-07-26,82,Text
857,2014-12-31,52,Text
858,2011-05-14,73,Text
859,2015-08-14,31,Text
861,2011-05-06,84,Text
862,2007-10-10,14,Text
870,2015-06-01,82,Text
874,2010-04-14,83,Text
880,2012-07-25,7,Text
881,2010-03-20,10,Text
886,2013-08-29,98,Text
887,2012-02-12,94,Text
888,2010-11-18,39,Text
889,2015-12-29,18,Text
896,2011-03-29,16,Text
903,2015-06-28,34,Text
911,2013-06-24,22,Text
912,2015-08-14,92,Text
916,2015-06-04,97,Text
917,2009-01-11,4,Text
918,2015-09-30,34,Text
933,2012-01-27,22,Text
938,2015-04-28,90,Text
941,2015-05-14,44,Text
945,2011-09-18,90,Text
946,2012-03-10,63,Text
947,2015-06-28,94,Text
950,2015-11-20,52,Text
962,2008-04-22,13,Text
968,2011-11-16,83,Text
974,2001-12-24,13,Text
978,2014-12-17,45,Text
983,2014-05-31,2,Text
992,2003-02-05,86,Text
995,2008-08-16,4,Text
997,2004-09-18,71,Text
1000,2011-11-03,38,Text
1010,2012-06-14,16,Text
1012,2015-01-29,82,Text
1014,2015-12-30,85,Text
1018,2013-02-23,49,Text
1019,2015-09-08,66,Text
1020,2015-11-22,61,Text
1024,2015-01-25,52,Text
1025,2015-08-21,37,Text
1026,2015-05-01,7,Text
1027,2015-06-11,45,Text
1037,2010-06-14,32,Text
1038,2013-12-12,33,Text
1043,2011-11-26,87,Text
1048,2010-08-29,3,Text
1054,2014-10-20,44,Text
1062,2013-04-20,79,Text
1076,2015-12-09,48,Text
1079,2013-10-04,82,Text
1080,2015-12-09,92,Text
1083,2008-10-31,63,Text
1084,2014-03-26,45,Text
1086,2013-03-12,88,Text
1088,2014-06-16,91,Text
1095,2011-01-19,39,Text
1098,2013-08-25,95,Text
1099,2014-07-11,55,Text
1100,2011-07-25,38,Text
1101,2015-02-18,25,Text
1102,2009-09-30,11,Text
1106,2009-12-28,49,Text
1110,2015-10-28,57,Text
1111,2004-09-26,42,Text
1115,2012-02-08,88,Text
1117,2013-05-11,25,Text
1122,2009-08-13,87,Text
1123,2009-04-27,71,Text
1130,2012-01-26,56,Text
1131,2015-05-13,75,Text
1133,2015-09-01,52,Text
1141,2011-11-05,30,Text
1142,2007-11-14,30,Text
1144,2012-10-12,79,Text
1145,2012-09-27,32,Text
1149,2015-11-08,33,Text
1150,2015-07-30,16,Text
1155,2015-11-18,46,Text
1159,2001-06-10,50,Text
1162,2015-10-10,66,Text
1166,2012-06-10,24,Text
1167,2013-10-12,46,Text
1168,2008-04-28,60,Text
1171,2015-04-15,79,Text
1173,2012-08-11,8,Text
1176,2015-11-12,92,Text
1185,2015-02-07,47,Text
1190,2010-11-19,5,Text
1192,2014-11-17,54,Text
1199,2014-07-05,22,Text
1206,2013-12-16,83,Text
1217,2008-06-28,12,Text
1219,2011-04-13,36,Text
1223,2015-10-03,93,Text
1225,2006-05-05,19,Text
1226,2014-11-16,100,Text
1235,2008-07-01,67,Text
1236,2005-06-16,89,Text
1240,2014-04-17,75,Text
1245,2010-05-19,17,Text
1246,2008-12-01,65,Text
1255,2015-06-12,76,Text
1257,2014-07-24,75,Text
1258,2012-08-23,84,Text
1261,2015-12-30,99,Text
1263,2015-10-01,6,Text
1269,2015-04-11,65,Text
1279,2015-07-28,52,Text
1282,2013-02-28,44,Text
1283,2012-07-26,25,Text
1291,2010-10-24,77,Text
1297,2007-09-05,69,Text
1304,2012-01-28,12,Text
1305,2010-12-08,49,Text
1308,2012-09-21,37,Text
1312,2014-04-16,98,Text
1320,2008-04-15,67,Text
1322,2008-10-13,65,Text
1327,2015-07-05,41,Text
1328,2004-12-18,51,Text
1333,2014-05-18,82,Text
1334,2006-12-24,83,Text
1336,2009-11-03,2,Text
1339,2014-01-28,58,Text
1355,2013-07-21,49,Text
1359,2015-06-19,33,Text
1360,2014-11-04,40,Text
1367,2015-03-31,63,Text
1377,2015-07-18,19,Text
1387,2014-08-31,62,Text
1388,2014-01-07,98,Text
1393,2007-02-15,29,Text
1401,2010-03-27,5,Text
1402,2015-01-10,79,Text
1405,2006-08-27,20,Text
1406,2013-10-30,78,Text
1408,2013-11-30,30,Text
1410,2014-01-21,16,Text
1414,2010-03-18,2,Text
1416,2010-08-20,46,Text
1417,2015-12-16,92,Text
1424,2007-06-22,19,Text
1426,2015-10-06,100,Text
1432,2014-05-20,81,Text
1434,2014-12-13,41,Text
1436,2015-06-09,73,Text
1438,2011-02-07,16,Text
1442,2014-04-21,29,Text
1446,2004-09-19,81,Text
1448,2003-07-06,21,Text
1450,2013-12-01,8,Text
1455,2014-07-01,98,Text
1469,2014-03-19,16,Text
1479,2011-07-25,87,Text
1483,2014-12-28,9,Text
1494,2014-03-20,98,Text
1497,2015-12-31,85,Text
1504,2015-02-21,14,Text
1506,2004-03-18,86,Text
1509,2005-01-04,41,Text
1512,2012-09-25,80,Text
1520,2007-07-28,71,Text
1521,2013-01-13,33,Text
1529,2014-09-16,48,Text
1534,2013-07-05,74,Text
1539,2012-06-21,10,Text
1541,2015-07-31,15,Text
1548,2013-12-30,49,Text
1554,2007-11-27,83,Text
1555,2015-07-06,9,Text
1557,2008-03-30,94,Text
1559,2015-04-14,56,Text
1562,2015-01-22,88,Text
1563,2014-03-10,44,Text
1565,2015-12-30,85,Text
1568,2014-02-19,76,Text
1582,2014-04-18,35,Text
1585,2014-07-11,35,Text
1586,2014-06-03,21,Text
1590,2013-05-09,22,Text
1594,2015-02-02,52,Text
1600,2012-06-17,94,Text
1606,2010-11-06,87,Text
1614,2006-02-08,13,Text
1615,2014-12-31,70,Text
1616,2013-02-23,54,Text
1623,2015-12-23,99,Text
1625,2013-08-12,80,Text
1629,2013-10-18,69,Text
1631,2015-11-17,53,Text
1634,2012-12-23,39,Text
1640,2015-09-12,18,Text
1644,2015-10-08,52,Text
1648,2012-12-11,15,Text
1650,2015-11-10,99,Text
1651,2008-06-07,10,Text
1652,2015-09-11,31,Text
1657,2010-01-14,38,Text
1664,2012-10-29,8,Text
1693,2014-03-28,68,Text
1705,2015-02-16,59,Text
1707,2003-06-20,5,Text
1711,2015-02-24,95,Text
1713,2012-10-30,74,Text
1716,2013-07-22,22,Text
1722,2014-11-06,44,Text
1724,2015-01-22,76,Text
1727,2009-10-19,32,Text
1728,2015-10-22,92,Text
1731,2014-12-01,94,Text
1733,2015-09-06,23,Text
1736,2015-12-06,96,Text
1744,2014-02-08,98,Text
1750,2013-11-09,30,Text
1759,2012-02-26,44,Text
1761,2015-06-01,31,Text
1767,2004-03-25,43,Text
1771,2009-11-09,71,Text
1774,2014-05-04,78,Text
1776,2012-07-06,21,Text
1779,2009-08-27,54,Text
1785,2007-07-10,21,Text
1790,2008-09-10,17,Text
1794,2015-07-26,26,Text
1795,2012-04-17,14,Text
1799,2011-11-23,90,Text
1803,2013-01-23,1,Text
1807,2013-09-10,22,Text
1820,2009-07-08,56,Text
1821,2014-10-08,100,Text
1822,2014-05-20,18,Text
1823,2011-06-30,1,Text
1824,2012-08-26,86,Text
1829,2014-01-03,68,Text
1830,2015-07-12,25,Text
1833,2005-02-19,81,Text
1839,2011-03-31,18,Text
1841,2010-11-26,43,Text
1844,2014-05-13,56,Text
1847,2015-04-13,53,Text
1858,2013-10-11,20,Text
1864,2014-01-09,67,Text
1873,2012-01-14,22,Text
1874,2005-10-13,41,Text
1879,2015-09-10,48,Text
1881,2013-11-21,72,Text
1882,2007-10-19,20,Text
1885,2011-12-27,55,Text
1894,2015-11-04,96,Text
1896,2007-08-01,7,Text
1898,2014-10-18,76,Text
1899,2015-03-27,40,Text
1909,2014-05-03,53,Text
1910,2015-08-28,45,Text
1913,2014-10-04,23,Text
1928,2012-08-28,78,Text
1939,2010-08-21,73,Text
1945,2004-05-07,13,Text
1948,2007-10-25,32,Text
1950,2014-08-01,3,Text
1961,2015-05-10,92,Text
1970,2015-02-07,84,Text
1972,2006-05-25,71,Text
1977,2015-12-28,31,Text
1978,2015-12-25,22,Text
1979,2014-11-10,78,Text
2000,2015-12-14,99,Text
2011,2014-06-06,64,Text
2013,2011-05-15,42,Text
2027,2015-10-13,70,Text
2030,2012-04-12,54,Text
2031,2015-08-14,33,Text
2036,2015-06-15,31,Text
2040,2013-04-10,79,Text
2047,2015-09-09,23,Text
2064,2015-08-15,15,Text
2072,2012-04-01,6,Text
2077,2015-06-08,52,Text
2080,2014-05-01,33,Text
2081,2013-03-31,1,Text
2082,2012-10-16,69,Text
2084,2013-06-21,37,Text
2086,2013-06-01,41,Text
2088,2015-11-11,93,Text
2097,2007-11-27,27,Text
2098,2009-09-10,54,Text
2099,2015-04-07,52,Text
2101,2014-11-17,70,Text
2110,2005-04-29,17,Text
2112,2011-11-15,12,Text
2117,2015-03-21,38,Text
2118,2011-09-11,86,Text
2122,2012-05-22,23,Text
2123,2012-11-06,23,Text
2124,2006-11-04,65,Text
2125,2010-04-05,49,Text
2132,2015-05-12,52,Text
2133,2011-06-08,17,Text
2134,2003-08-08,17,Text
2137,2015-09-29,28,Text
2141,2012-06-03,80,Text
2142,2013-09-03,80,Text
2144,2013-05-17,97,Text
2146,2015-02-15,11,Text
2148,2007-05-02,3,Text
2153,2014-07-12,78,Text
2155,2015-11-20,63,Text
2157,2015-12-23,61,Text
2159,2015-03-02,82,Text
2160,2012-08-30,16,Text
2166,2015-05-15,34,Text
2171,2009-11-05,11,Text
2172,2015-03-28,48,Text
2173,2015-10-11,96,Text
2174,2012-03-09,1,Text
2178,2011-05-28,58,Text
2184,2014-05-29,37,Text
2194,2014-05-03,58,Text
2203,2014-06-29,55,Text
2208,2013-10-17,9,Text
2209,2010-04-28,80,Text
2214,2015-11-17,75,Text
2222,2013-02-03,5,Text
2223,2015-07-17,12,Text
2233,2002-12-10,86,Text
2235,2015-04-11,77,Text
2236,2013-02-25,37,Text
2238,2014-08-01,72,Text
2241,2013-11-19,37,Text
2251,2014-03-16,75,Text
2253,2015-08-30,62,Text
2254,2004-04-06,71,Text
2255,2014-10-07,13,Text
2260,2012-05-18,22,Text
2262,2015-11-24,26,Text
2263,2015-09-30,34,Text
2268,2014-05-17,35,Text
2269,2014-09-21,36,Text
2273,2005-10-14,6,Text
2283,2015-11-18,93,Text
2287,2008-10-27,12,Text
2294,2015-07-10,34,Text
2303,2015-06-10,48,Text
2308,2003-03-17,5,Text
2310,2015-12-31,85,Text
2311,2009-01-10,95,Text
2318,2005-08-17,29,Text
2321,2015-05-29,45,Text
2324,2008-08-20,65,Text
2339,2013-11-14,23,Text
2340,2015-12-19,59,Text
2343,2012-01-04,97,Text
2344,2010-10-17,12,Text
2347,2010-08-30,74,Text
2349,2011-02-17,56,Text
2352,2015-05-04,53,Text
2357,2011-03-06,88,Text
2358,2015-12-17,99,Text
2369,2015-08-14,26,Text
2370,2015-11-03,70,Text
2376,2015-12-11,96,Text
2384,2007-11-20,7,Text
2386,2015-10-25,48,Text
2395,2008-05-12,86,Text
2398,2013-06-09,30,Text
2399,2008-10-14,49,Text
2400,2015-09-23,57,Text
2411,2011-03-13,54,Text
2418,2013-12-01,78,Text
2421,2015-12-17,67,Text
2422,2012-02-23,79,Text
2430,2014-02-19,91,Text
2436,2007-09-20,77,Text
2440,2015-12-10,99,Text
2441,2015-11-15,75,Text
2457,2015-09-18,53,Text
2459,2015-08-12,58,Text
2460,2015-06-24,54,Text
2469,2011-07-29,12,Text
2471,2009-02-25,77,Text
2476,2015-09-28,62,Text
2484,2002-11-28,69,Text
2499,2014-01-04,54,Text
1,2007-11-27,71,Video
2,2013-11-24,28,Video
3,2007-08-12,42,Video
9,2015-05-26,34,Video
12,2015-10-13,72,Video
13,2014-07-28,27,Video
19,2014-10-07,50,Video
21,2015-06-24,31,Video
22,2011-07-22,32,Video
30,2005-06-01,19,Video
37,2012-12-05,11,Video
39,2007-12-28,74,Video
49,2009-08-29,68,Video
53,2011-10-07,71,Video
56,2015-06-28,57,Video
69,2011-04-10,46,Video
79,2013-04-05,49,Video
81,2014-02-04,76,Video
91,2012-10-03,2,Video
96,2001-04-27,21,Video
102,2006-07-17,51,Video
103,2004-05-21,71,Video
104,2008-09-20,94,Video
115,2014-09-15,33,Video
117,2014-10-04,28,Video
119,2015-06-23,57,Video
125,2012-04-02,6,Video
126,2013-04-22,15,Video
130,2006-06-07,51,Video
135,2007-01-11,13,Video
136,2008-02-05,86,Video
137,2014-04-03,22,Video
139,2013-05-29,25,Video
140,2013-04-23,22,Video
141,2015-11-22,99,Video
146,2013-12-08,67,Video
147,2014-05-07,11,Video
153,2010-05-06,51,Video
158,2009-07-25,56,Video
174,2010-01-14,71,Video
176,2011-10-17,14,Video
183,2009-10-20,21,Video
197,2015-11-20,35,Video
201,2015-09-11,1,Video
206,2009-06-07,17,Video
207,2015-12-31,85,Video
212,2011-04-11,8,Video
215,2010-05-01,16,Video
216,2007-07-09,32,Video
222,2015-10-19,40,Video
223,2011-02-28,84,Video
224,2007-07-13,86,Video
226,2012-11-02,15,Video
232,2013-09-21,58,Video
235,2015-12-05,66,Video
241,2015-08-26,52,Video
243,2013-06-02,1,Video
250,2009-06-13,42,Video
254,2009-05-08,95,Video
257,2013-02-08,36,Video
261,2014-10-01,45,Video
264,2015-12-09,48,Video
265,2008-10-13,29,Video
269,2004-08-20,60,Video
270,2014-06-04,75,Video
273,2011-12-02,94,Video
284,2015-09-02,43,Video
286,2010-07-20,11,Video
289,2013-10-12,100,Video
295,2004-01-22,43,Video
296,2015-06-20,57,Video
299,2015-08-23,31,Video
302,2014-10-01,23,Video
306,2015-10-28,35,Video
307,2006-11-16,63,Video
308,2009-02-17,12,Video
309,2014-09-14,92,Video
314,2015-09-16,68,Video
319,2014-09-27,12,Video
321,2014-06-18,59,Video
325,2014-02-13,14,Video
326,2014-08-21,27,Video
333,2013-09-19,59,Video
336,2015-06-17,34,Video
345,2014-04-12,15,Video
347,2015-01-25,82,Video
352,2009-11-11,73,Video
357,2015-02-25,34,Video
366,2015-08-27,16,Video
374,2015-10-08,48,Video
377,2015-09-23,44,Video
384,2009-02-11,94,Video
388,2012-01-11,16,Video
390,2013-10-15,76,Video
394,2015-07-15,56,Video
397,2014-11-06,48,Video
404,2015-01-02,16,Video
410,2015-08-04,34,Video
412,2015-12-29,99,Video
415,2008-12-14,7,Video
423,2010-04-20,11,Video
425,2015-06-11,76,Video
428,2015-11-27,66,Video
429,2012-11-05,24,Video
433,2007-07-04,7,Video
442,2008-04-25,4,Video
443,2011-04-29,21,Video
444,2014-09-01,48,Video
446,2015-11-04,70,Video
449,2014-11-14,33,Video
453,2015-05-22,35,Video
458,2012-03-22,8,Video
459,2011-05-03,18,Video
469,2014-10-27,12,Video
470,2009-01-08,14,Video
476,2015-09-06,31,Video
480,2009-01-19,86,Video
487,2007-08-11,42,Video
490,2015-12-31,85,Video
500,2013-05-14,28,Video
505,2011-02-25,84,Video
506,2010-10-27,90,Video
509,2015-09-22,35,Video
511,2015-06-14,45,Video
513,2015-08-12,68,Video
515,2014-04-22,27,Video
525,2015-12-08,26,Video
526,2015-12-02,100,Video
540,2006-08-21,69,Video
543,2008-01-11,95,Video
546,2007-04-05,90,Video
549,2015-03-28,37,Video
551,2010-09-16,49,Video
553,2015-02-09,82,Video
554,2013-10-22,72,Video
555,2015-12-04,96,Video
556,2013-04-21,21,Video
557,2014-01-04,80,Video
560,2014-08-22,89,Video
561,2014-09-05,8,Video
562,2007-06-03,51,Video
575,2014-06-11,91,Video
581,2013-08-24,54,Video
590,2015-08-06,22,Video
593,2005-12-23,86,Video
595,2014-08-24,24,Video
596,2010-09-29,7,Video
597,2012-11-06,63,Video
598,2006-10-20,69,Video
600,2013-04-25,79,Video
601,2013-05-16,32,Video
602,2013-02-24,59,Video
605,2015-07-20,66,Video
608,2014-01-24,5,Video
616,2015-09-08,49,Video
618,2010-04-04,90,Video
619,2014-07-13,33,Video
626,2014-07-17,74,Video
638,2012-06-28,59,Video
640,2010-06-01,39,Video
648,2002-02-01,43,Video
652,2011-05-19,16,Video
655,2013-08-18,95,Video
656,2009-10-09,12,Video
657,2013-06-27,17,Video
661,2010-08-11,27,Video
665,2003-09-18,43,Video
670,2009-08-27,7,Video
671,2010-01-27,29,Video
675,2009-07-14,67,Video
676,2014-04-14,47,Video
679,2013-05-13,36,Video
682,2010-03-14,67,Video
683,2015-09-27,45,Video
687,2011-10-09,24,Video
701,2007-09-07,86,Video
703,2004-10-30,60,Video
704,2011-06-29,64,Video
706,2012-09-21,3,Video
709,2003-10-09,43,Video
720,2013-01-29,56,Video
721,2014-11-10,47,Video
722,2013-09-04,8,Video
725,2008-09-04,83,Video
728,2015-06-10,29,Video
734,2011-10-21,71,Video
736,2007-01-13,30,Video
737,2009-10-10,14,Video
741,2014-09-16,86,Video
742,2015-01-25,82,Video
745,2003-08-02,86,Video
746,2013-12-02,62,Video
754,2010-11-29,50,Video
757,2007-01-18,10,Video
758,2015-06-06,52,Video
760,2012-09-01,84,Video
762,2010-10-08,49,Video
765,2015-03-30,34,Video
766,2015-11-15,96,Video
768,2015-11-18,99,Video
782,2013-03-06,76,Video
788,2008-04-05,95,Video
791,2005-09-12,4,Video
804,2014-10-20,75,Video
806,2015-06-18,31,Video
814,2003-08-09,50,Video
819,2012-03-23,95,Video
821,2012-12-23,87,Video
826,2005-10-05,51,Video
831,2014-12-17,98,Video
833,2013-04-27,28,Video
844,2009-05-01,65,Video
845,2013-06-19,25,Video
847,2014-08-21,82,Video
855,2010-01-19,25,Video
860,2014-04-26,81,Video
866,2013-10-21,47,Video
868,2009-07-09,11,Video
871,2014-09-29,44,Video
872,2015-07-23,66,Video
873,2014-07-09,29,Video
879,2015-12-30,85,Video
884,2015-02-07,73,Video
890,2010-10-25,80,Video
891,2015-07-22,53,Video
893,2015-02-25,58,Video
895,2013-08-25,37,Video
899,2014-04-08,97,Video
900,2015-12-10,99,Video
901,2015-01-14,9,Video
902,2012-12-16,15,Video
906,2014-01-15,60,Video
909,2013-10-12,82,Video
913,2011-05-28,56,Video
921,2014-05-10,53,Video
922,2007-06-15,43,Video
924,2015-09-09,26,Video
925,2012-06-26,64,Video
926,2014-10-31,18,Video
927,2014-05-09,71,Video
936,2012-12-18,15,Video
939,2015-07-23,94,Video
940,2015-11-11,66,Video
944,2007-09-30,71,Video
948,2005-10-19,50,Video
951,2004-01-25,81,Video
952,2015-02-10,62,Video
953,2011-02-16,39,Video
957,2015-08-03,66,Video
969,2014-05-19,97,Video
970,2014-05-24,76,Video
971,2005-03-17,86,Video
981,2015-05-19,57,Video
982,2009-11-10,6,Video
985,2014-02-24,45,Video
988,2009-04-02,6,Video
989,2014-10-01,68,Video
993,2015-04-28,1,Video
996,2014-09-27,23,Video
1001,2014-01-30,97,Video
1002,2008-11-20,95,Video
1004,2009-07-17,49,Video
1006,2012-03-05,11,Video
1008,2010-11-17,58,Video
1013,2015-10-15,57,Video
1015,2011-10-17,22,Video
1022,2011-12-31,54,Video
1030,2006-12-13,32,Video
1033,2015-03-10,52,Video
1035,2012-02-10,41,Video
1041,2014-03-06,75,Video
1042,2013-04-18,8,Video
1044,2015-02-01,24,Video
1049,2011-09-20,95,Video
1051,2012-07-17,76,Video
1052,2015-04-13,72,Video
1057,2012-04-15,16,Video
1058,2011-06-17,89,Video
1061,2014-03-30,91,Video
1065,2015-05-08,31,Video
1067,2010-04-19,10,Video
1069,2015-06-19,16,Video
1070,2013-01-05,76,Video
1077,2015-01-07,17,Video
1081,2015-11-11,96,Video
1085,2005-11-03,6,Video
1087,2011-05-16,42,Video
1107,2013-11-07,50,Video
1119,2014-04-09,45,Video
1120,2010-12-09,89,Video
1124,2013-01-14,24,Video
1129,2013-10-24,95,Video
1134,2012-09-26,16,Video
1136,2013-04-30,46,Video
1138,2015-07-06,26,Video
1143,2015-08-26,100,Video
1146,2014-03-31,72,Video
1147,2010-07-14,74,Video
1148,2010-06-28,6,Video
1154,2015-04-04,39,Video
1164,2015-03-10,94,Video
1165,2013-07-30,80,Video
1170,2015-03-08,97,Video
1172,2013-06-12,73,Video
1177,2014-05-22,95,Video
1179,2015-03-24,10,Video
1182,2015-10-25,93,Video
1183,2012-04-01,41,Video
1194,2014-09-30,89,Video
1203,2015-12-07,99,Video
1204,2014-11-11,68,Video
1208,2011-10-20,12,Video
1212,2013-12-25,11,Video
1213,2014-06-26,27,Video
1215,2014-12-08,2,Video
1220,2015-11-25,26,Video
1221,2014-08-18,47,Video
1227,2015-04-29,39,Video
1231,2010-10-03,83,Video
1234,2007-10-08,19,Video
1242,2011-08-28,18,Video
1243,2015-11-09,3,Video
1249,2015-09-08,21,Video
1251,2014-06-30,88,Video
1253,2015-06-21,52,Video
1260,2003-05-10,42,Video
1262,2015-05-22,34,Video
1267,2006-05-10,94,Video
1268,2015-03-15,45,Video
1270,2012-05-20,10,Video
1271,2014-11-19,28,Video
1272,2015-12-16,96,Video
1274,2001-07-07,13,Video
1277,2012-07-26,23,Video
1280,2009-08-07,33,Video
1286,2014-11-25,67,Video
1289,2015-07-07,72,Video
1296,2014-05-21,92,Video
1301,2011-12-24,10,Video
1303,2014-09-22,54,Video
1306,2008-06-15,95,Video
1307,2015-04-27,62,Video
1309,2013-10-08,37,Video
1311,2006-08-21,5,Video
1316,2015-12-30,85,Video
1319,2015-08-16,52,Video
1324,2012-09-27,77,Video
1337,2015-07-22,31,Video
1338,2012-05-05,55,Video
1340,2011-11-05,95,Video
1341,2014-06-18,62,Video
1342,2014-07-28,40,Video
1345,2012-02-09,20,Video
1346,2009-07-14,67,Video
1348,2009-07-27,77,Video
1350,2010-09-09,5,Video
1354,2015-03-17,79,Video
1356,2014-08-12,15,Video
1357,2015-10-20,60,Video
1358,2012-03-13,18,Video
1361,2010-06-07,84,Video
1363,2014-05-12,63,Video
1364,2013-12-13,77,Video
1376,2015-11-11,93,Video
1378,2015-09-17,35,Video
1380,2009-05-30,13,Video
1381,2014-11-29,94,Video
1383,2008-07-27,55,Video
1384,2011-12-02,13,Video
1390,2011-07-15,83,Video
1394,2003-05-03,89,Video
1395,2015-04-01,100,Video
1396,2015-04-09,24,Video
1400,2015-11-17,99,Video
1407,2014-05-26,48,Video
1419,2011-03-17,60,Video
1421,2003-02-19,81,Video
1430,2008-04-23,14,Video
1433,2014-12-27,89,Video
1439,2014-02-01,79,Video
1443,2012-01-05,68,Video
1456,2015-07-19,92,Video
1461,2010-07-22,80,Video
1462,2015-01-29,38,Video
1467,2012-07-29,11,Video
1470,2010-12-16,95,Video
1472,2015-05-17,57,Video
1475,2015-05-04,35,Video
1480,2012-02-19,20,Video
1488,2008-02-23,56,Video
1491,2015-12-31,85,Video
1499,2014-02-04,67,Video
1501,2015-12-21,99,Video
1505,2015-12-21,20,Video
1507,2015-04-29,100,Video
1508,2015-12-14,88,Video
1518,2015-09-03,26,Video
1523,2015-03-12,84,Video
1525,2014-12-16,60,Video
1537,2015-12-31,85,Video
1538,2014-07-10,9,Video
1542,2013-04-22,15,Video
1550,2013-01-07,6,Video
1551,2012-07-06,74,Video
1558,2015-09-03,92,Video
1566,2011-07-14,91,Video
1569,2015-07-21,26,Video
1574,2015-11-13,96,Video
1577,2014-10-20,100,Video
1579,2010-10-06,27,Video
1580,2015-12-31,85,Video
1581,2013-10-04,77,Video
1584,2015-02-22,40,Video
1588,2011-06-19,18,Video
1592,2015-09-02,96,Video
1595,2015-05-17,2,Video
1598,2014-11-02,44,Video
1599,2014-10-25,44,Video
1602,2012-04-28,54,Video
1603,2006-05-26,63,Video
1609,2015-04-16,28,Video
1610,2015-03-19,35,Video
1611,2006-08-22,51,Video
1612,2008-11-29,19,Video
1621,2010-12-17,16,Video
1626,2010-12-28,33,Video
1632,2008-11-28,81,Video
1635,2013-02-11,18,Video
1636,2006-07-08,29,Video
1643,2013-05-23,37,Video
1646,2015-02-27,23,Video
1658,2012-11-01,23,Video
1662,2015-07-17,40,Video
1663,2004-03-23,21,Video
1667,2015-01-08,95,Video
1669,2012-04-30,23,Video
1670,2015-10-13,93,Video
1672,2012-01-28,72,Video
1674,2012-12-07,67,Video
1679,2015-12-30,85,Video
1680,2015-07-12,15,Video
1682,2015-05-04,31,Video
1683,2015-01-25,34,Video
1684,2015-12-30,85,Video
1686,2015-05-06,52,Video
1692,2015-08-08,26,Video
1694,2010-04-06,43,Video
1701,2013-08-04,39,Video
1704,2004-11-10,29,Video
1708,2012-02-13,90,Video
1709,2005-11-29,51,Video
1712,2006-04-15,29,Video
1715,2007-03-04,63,Video
1717,2009-07-17,41,Video
1718,2004-03-01,41,Video
1720,2015-10-10,92,Video
1729,2006-03-01,77,Video
1732,2006-09-07,30,Video
1735,2015-10-03,77,Video
1739,2013-06-21,23,Video
1742,2009-10-27,17,Video
1748,2015-01-04,65,Video
1751,2015-05-12,57,Video
1752,2015-08-19,100,Video
1753,2004-01-17,41,Video
1754,2012-10-16,88,Video
1758,2015-12-22,96,Video
1760,2012-03-21,42,Video
1765,2013-01-01,22,Video
1766,2011-02-05,88,Video
1769,2015-08-11,5,Video
1770,2011-06-30,58,Video
1772,2015-08-01,26,Video
1777,2006-07-09,19,Video
1780,2014-04-24,11,Video
1787,2015-09-04,98,Video
1792,2011-09-10,7,Video
1796,2012-05-25,22,Video
1797,2009-06-25,33,Video
1802,2015-12-31,85,Video
1811,2014-09-17,48,Video
1818,2015-12-24,61,Video
1825,2015-11-17,79,Video
1827,2012-08-03,23,Video
1831,2015-02-11,35,Video
1832,2015-08-04,9,Video
1834,2009-07-23,32,Video
1835,2013-04-12,76,Video
1836,2006-10-27,65,Video
1842,2015-10-30,57,Video
1845,2013-11-19,65,Video
1849,2015-02-25,53,Video
1850,2015-08-20,26,Video
1857,2014-03-23,9,Video
1859,2010-07-13,94,Video
1860,2015-12-07,61,Video
1862,2013-11-21,100,Video
1878,2012-06-04,17,Video
1883,2010-06-10,89,Video
1884,2015-10-21,18,Video
1891,2013-03-11,22,Video
1892,2015-09-24,86,Video
1900,2015-12-04,66,Video
1903,2010-11-10,87,Video
1904,2015-08-23,66,Video
1912,2015-11-23,70,Video
1917,2004-09-09,41,Video
1921,2015-08-13,3,Video
1923,2010-09-25,20,Video
1925,2015-12-05,57,Video
1927,2013-05-03,15,Video
1929,2014-09-17,100,Video
1930,2014-10-03,69,Video
1931,2015-06-01,16,Video
1933,2012-04-29,91,Video
1936,2014-10-13,70,Video
1937,2015-09-14,92,Video
1941,2015-09-05,26,Video
1943,2015-11-12,100,Video
1946,2012-01-20,18,Video
1947,2015-12-31,85,Video
1951,2012-12-08,8,Video
1952,2007-05-20,51,Video
1954,2001-05-30,81,Video
1955,2011-09-25,27,Video
1957,2001-08-19,50,Video
1963,2015-12-04,26,Video
1966,2008-09-19,55,Video
1975,2015-03-23,52,Video
1980,2011-10-10,22,Video
1982,2004-10-31,71,Video
1984,2015-02-10,95,Video
1985,2014-06-03,23,Video
1987,2005-03-08,4,Video
1993,2011-10-22,84,Video
1996,2014-10-01,100,Video
1999,2014-09-21,15,Video
2002,2015-03-24,27,Video
2008,2013-02-14,91,Video
2012,2011-09-22,27,Video
2017,2014-03-26,87,Video
2021,2010-12-06,39,Video
2024,2012-12-30,91,Video
2029,2015-04-22,88,Video
2035,2009-03-28,12,Video
2042,2013-04-20,79,Video
2046,2014-04-21,91,Video
2049,2013-11-17,82,Video
2050,2015-09-06,15,Video
2051,2010-09-26,51,Video
2053,2008-01-08,95,Video
2058,2014-11-09,79,Video
2060,2008-07-21,3,Video
2062,2014-11-21,84,Video
2063,2008-06-23,49,Video
2069,2012-06-02,91,Video
2073,2007-08-13,19,Video
2087,2015-12-21,20,Video
2090,2014-12-01,35,Video
2091,2013-09-13,89,Video
2094,2015-12-06,99,Video
2095,2015-08-04,82,Video
2105,2013-04-08,16,Video
2106,2015-08-13,20,Video
2114,2014-09-22,75,Video
2127,2008-08-17,49,Video
2128,2012-07-23,5,Video
2130,2015-10-15,66,Video
2138,2009-03-10,11,Video
2139,2015-11-22,41,Video
2140,2015-10-06,2,Video
2143,2014-08-23,53,Video
2147,2015-11-16,66,Video
2151,2015-05-13,45,Video
2156,2014-03-16,24,Video
2158,2009-11-03,7,Video
2163,2009-03-04,94,Video
2164,2014-12-28,1,Video
2165,2010-02-05,68,Video
2168,2001-02-10,50,Video
2169,2015-04-12,40,Video
2170,2014-10-22,58,Video
2177,2009-03-24,11,Video
2179,2015-11-15,48,Video
2180,2015-05-06,52,Video
2189,2014-05-28,92,Video
2191,2015-12-09,100,Video
2192,2013-09-28,98,Video
2199,2015-09-16,78,Video
2202,2012-01-09,14,Video
2207,2014-02-12,18,Video
2215,2013-04-13,28,Video
2216,2013-04-10,11,Video
2219,2013-12-27,47,Video
2220,2013-04-17,2,Video
2221,2011-02-23,67,Video
2225,2015-07-29,42,Video
2226,2011-07-24,21,Video
2229,2011-07-10,88,Video
2239,2014-09-04,34,Video
2250,2011-12-24,41,Video
2266,2015-12-21,93,Video
2274,2013-06-01,1,Video
2275,2015-04-27,55,Video
2280,2012-06-04,68,Video
2281,2012-10-01,22,Video
2286,2012-11-22,37,Video
2293,2015-11-20,99,Video
2295,2013-06-02,87,Video
2299,2015-12-30,85,Video
2300,2012-12-18,79,Video
2302,2015-12-31,93,Video
2307,2014-06-21,92,Video
2315,2013-03-14,25,Video
2322,2015-10-10,57,Video
2323,2015-08-24,31,Video
2325,2015-04-04,31,Video
2326,2007-10-27,30,Video
2337,2011-11-08,22,Video
2341,2015-08-06,26,Video
2342,2006-03-12,86,Video
2345,2013-11-21,6,Video
2365,2010-10-16,21,Video
2366,2008-11-01,65,Video
2367,2001-08-22,13,Video
2368,2015-11-28,99,Video
2372,2002-03-21,4,Video
2374,2015-11-26,99,Video
2375,2007-06-18,30,Video
2378,2015-01-22,12,Video
2387,2012-10-13,28,Video
2390,2008-06-09,69,Video
2393,2015-03-17,84,Video
2394,2011-02-01,1,Video
2402,2008-08-21,54,Video
2403,2013-05-29,97,Video
2409,2013-04-12,36,Video
2414,2008-10-28,74,Video
2420,2012-05-28,12,Video
2424,2011-12-14,22,Video
2433,2015-04-24,39,Video
2439,2015-08-23,76,Video
2444,2015-12-31,85,Video
2445,2014-07-09,82,Video
2451,2015-12-15,91,Video
2456,2008-08-21,12,Video
2458,2006-05-24,71,Video
2461,2015-01-13,27,Video
2466,2015-10-24,9,Video
2468,2009-06-04,74,Video
2470,2011-10-12,43,Video
2473,2004-01-16,5,Video
2475,2003-07-18,51,Video
2479,2011-10-27,16,Video
2481,2015-06-13,29,Video
2488,2012-07-04,29,Video
2491,2006-11-03,20,Video
2492,2010-04-07,83,Video
2493,2010-04-19,14,Video
2496,2012-04-27,1,Video
2497,2013-09-02,84,Video
4,2013-04-26,98,Image
5,2015-09-09,96,Image
7,2012-03-20,24,Image
11,2009-04-18,14,Image
15,2015-12-30,85,Image
16,2005-02-20,55,Image
17,2015-07-24,31,Image
20,2015-12-01,99,Image
27,2015-01-29,74,Image
29,2009-04-06,30,Image
32,2014-09-25,76,Image
35,2015-11-29,48,Image
36,2015-05-30,31,Image
40,2014-10-13,90,Image
51,2015-12-04,99,Image
57,2012-03-27,23,Image
60,2011-12-24,95,Image
61,2012-03-10,23,Image
63,2015-06-03,37,Image
72,2014-03-19,77,Image
77,2015-08-13,88,Image
78,2007-05-28,5,Image
84,2015-11-30,22,Image
87,2012-03-14,79,Image
90,2015-09-25,74,Image
92,2010-05-11,95,Image
105,2015-12-09,93,Image
107,2015-07-25,75,Image
114,2009-02-07,21,Image
124,2015-12-10,93,Image
127,2005-03-31,30,Image
128,2015-03-20,49,Image
131,2015-12-17,99,Image
143,2010-04-18,56,Image
154,2005-05-05,50,Image
165,2009-07-08,10,Image
166,2007-12-10,63,Image
168,2006-10-16,29,Image
169,2012-03-21,88,Image
173,2015-10-23,70,Image
177,2015-12-14,23,Image
187,2014-11-16,34,Image
189,2013-04-10,12,Image
190,2012-08-20,58,Image
198,2012-03-03,58,Image
199,2015-07-19,92,Image
203,2013-03-30,64,Image
205,2014-11-01,16,Image
208,2012-04-28,97,Image
210,2015-11-05,37,Image
211,2015-11-27,99,Image
213,2014-11-29,98,Image
217,2012-07-03,68,Image
220,2014-07-08,91,Image
227,2013-10-13,41,Image
228,2005-02-07,13,Image
229,2008-08-30,29,Image
233,2015-07-02,45,Image
234,2010-04-21,63,Image
238,2012-12-08,20,Image
242,2004-01-01,81,Image
252,2013-04-01,44,Image
253,2014-01-02,73,Image
256,2011-01-31,77,Image
263,2015-10-07,28,Image
277,2004-09-22,32,Image
279,2010-06-04,71,Image
288,2011-07-05,46,Image
291,2006-02-12,6,Image
292,2006-08-14,50,Image
293,2014-01-26,82,Image
297,2004-10-13,21,Image
301,2012-08-31,58,Image
305,2014-12-07,60,Image
311,2014-07-29,30,Image
316,2015-04-10,57,Image
324,2013-11-01,87,Image
332,2014-06-18,23,Image
340,2012-11-16,16,Image
341,2010-09-28,4,Image
354,2001-09-06,71,Image
371,2015-11-27,99,Image
373,2015-09-27,28,Image
376,2015-05-19,84,Image
378,2015-10-24,93,Image
383,2014-04-25,35,Image
386,2015-11-08,96,Image
391,2010-04-17,10,Image
393,2009-01-20,10,Image
395,2009-06-21,65,Image
402,2012-08-20,14,Image
406,2014-10-06,50,Image
411,2015-09-13,39,Image
417,2006-01-08,19,Image
426,2007-11-26,20,Image
434,2007-12-15,42,Image
439,2001-09-21,13,Image
440,2015-01-15,91,Image
441,2015-08-28,25,Image
452,2007-01-13,19,Image
454,2014-12-23,79,Image
456,2011-11-17,22,Image
464,2013-08-10,38,Image
467,2013-09-04,60,Image
468,2010-07-06,51,Image
475,2012-06-26,94,Image
477,2012-10-10,24,Image
484,2013-09-25,41,Image
486,2015-12-24,100,Image
488,2009-03-26,7,Image
489,2012-07-25,64,Image
493,2014-05-04,47,Image
496,2015-12-31,85,Image
501,2006-05-30,63,Image
508,2006-04-30,60,Image
518,2015-12-31,85,Image
519,2006-06-01,81,Image
521,2015-12-31,85,Image
523,2015-05-23,1,Image
527,2004-02-06,60,Image
530,2012-04-25,77,Image
532,2012-02-01,63,Image
538,2013-06-01,73,Image
542,2013-01-09,82,Image
548,2011-01-23,17,Image
559,2008-10-19,63,Image
563,2014-05-03,79,Image
564,2015-08-03,26,Image
566,2014-08-26,15,Image
568,2015-11-17,97,Image
572,2012-10-25,44,Image
576,2015-05-01,69,Image
578,2015-11-08,82,Image
585,2005-05-06,30,Image
587,2012-02-11,44,Image
588,2014-06-13,28,Image
589,2015-08-01,66,Image
599,2015-06-27,24,Image
603,2014-08-18,79,Image
604,2015-09-13,13,Image
609,2008-01-02,5,Image
612,2010-12-15,39,Image
614,2011-04-10,64,Image
622,2005-07-06,4,Image
625,2009-12-09,68,Image
627,2008-07-17,90,Image
632,2008-12-07,55,Image
637,2012-03-20,80,Image
645,2009-11-14,83,Image
646,2015-05-03,23,Image
650,2009-03-10,2,Image
654,2015-07-06,35,Image
659,2013-06-22,73,Image
663,2007-04-12,30,Image
666,2001-07-04,71,Image
669,2004-09-10,81,Image
677,2014-08-01,59,Image
678,2010-02-12,20,Image
680,2012-01-30,71,Image
681,2011-04-03,89,Image
686,2008-08-17,2,Image
691,2006-01-12,86,Image
692,2013-02-27,49,Image
693,2015-08-22,19,Image
694,2006-03-13,41,Image
696,2006-08-24,29,Image
697,2014-05-06,36,Image
702,2015-12-30,58,Image
707,2014-04-13,39,Image
711,2012-09-19,80,Image
713,2011-06-17,16,Image
719,2015-11-27,48,Image
723,2009-04-10,69,Image
729,2014-05-04,37,Image
733,2014-08-10,98,Image
738,2013-06-04,98,Image
747,2012-02-09,88,Image
751,2009-06-05,77,Image
755,2015-12-29,66,Image
756,2012-04-09,87,Image
761,2006-12-13,81,Image
764,2010-05-01,25,Image
771,2015-05-09,64,Image
772,2006-05-02,83,Image
774,2015-05-06,88,Image
777,2015-01-22,48,Image
779,2012-08-16,37,Image
781,2014-07-05,91,Image
787,2014-04-05,64,Image
792,2015-10-10,66,Image
798,2013-12-22,9,Image
799,2008-02-04,5,Image
801,2010-10-22,54,Image
805,2012-02-23,84,Image
809,2015-06-19,66,Image
810,2009-02-23,71,Image
818,2014-06-26,12,Image
824,2015-05-16,87,Image
828,2015-11-06,26,Image
829,2010-05-30,41,Image
832,2014-07-10,64,Image
837,2013-10-29,82,Image
839,2006-08-28,60,Image
841,2013-09-01,80,Image
843,2012-06-28,22,Image
846,2010-11-16,89,Image
848,2014-01-06,9,Image
853,2015-11-07,93,Image
869,2002-11-12,4,Image
875,2015-09-03,92,Image
877,2013-07-13,44,Image
878,2014-09-27,92,Image
882,2014-12-02,56,Image
885,2014-10-10,11,Image
897,2009-12-14,25,Image
904,2013-09-17,37,Image
905,2014-09-13,45,Image
907,2014-04-18,100,Image
919,2009-01-10,89,Image
929,2012-07-14,46,Image
930,2011-11-24,97,Image
931,2015-01-10,5,Image
935,2005-02-22,69,Image
937,2015-10-11,93,Image
943,2015-11-10,93,Image
955,2015-04-17,84,Image
956,2014-06-14,12,Image
958,2011-04-18,54,Image
961,2015-11-01,18,Image
963,2015-07-08,66,Image
967,2011-05-27,22,Image
972,2010-02-09,68,Image
975,2014-06-06,25,Image
976,2015-08-02,5,Image
990,2014-10-09,48,Image
1009,2015-12-19,26,Image
1016,2015-07-08,76,Image
1021,2014-02-22,9,Image
1023,2003-05-05,43,Image
1031,2011-12-06,13,Image
1034,2014-02-25,98,Image
1036,2011-07-19,68,Image
1039,2014-10-19,35,Image
1045,2006-03-08,77,Image
1046,2013-10-10,44,Image
1050,2012-07-02,11,Image
1053,2010-07-25,65,Image
1059,2015-11-02,22,Image
1063,2008-08-14,27,Image
1064,2011-06-23,7,Image
1066,2015-10-27,18,Image
1068,2004-11-06,17,Image
1072,2013-02-02,23,Image
1073,2014-08-09,15,Image
1074,2013-04-14,64,Image
1075,2012-11-13,8,Image
1089,2009-07-24,86,Image
1090,2015-10-13,100,Image
1093,2015-05-19,78,Image
1097,2011-08-25,29,Image
1104,2014-01-28,47,Image
1105,2015-01-01,72,Image
1108,2015-02-11,91,Image
1109,2013-04-02,28,Image
1112,2014-06-21,72,Image
1118,2012-07-11,51,Image
1121,2010-09-03,56,Image
1125,2006-11-23,21,Image
1126,2002-11-18,41,Image
1127,2015-09-12,48,Image
1128,2013-02-08,47,Image
1132,2002-05-31,41,Image
1139,2008-12-02,14,Image
1152,2015-06-01,45,Image
1156,2015-04-08,57,Image
1157,2012-04-24,63,Image
1158,2014-09-19,62,Image
1160,2012-04-09,67,Image
1163,2013-07-21,8,Image
1169,2015-07-21,35,Image
1174,2011-04-18,80,Image
1175,2014-12-25,67,Image
1180,2014-02-16,19,Image
1184,2011-02-28,60,Image
1186,2013-12-17,19,Image
1187,2013-09-21,86,Image
1189,2014-07-02,97,Image
1191,2012-07-19,11,Image
1193,2010-10-22,94,Image
1195,2015-06-06,39,Image
1196,2014-04-26,82,Image
1198,2008-05-16,74,Image
1200,2006-04-25,20,Image
1207,2014-09-17,64,Image
1214,2015-06-01,59,Image
1222,2011-06-15,56,Image
1228,2012-04-25,13,Image
1232,2015-05-13,31,Image
1233,2003-01-17,17,Image
1239,2013-01-30,83,Image
1241,2005-04-25,21,Image
1248,2015-09-09,2,Image
1250,2014-01-19,74,Image
1252,2014-10-14,35,Image
1259,2014-12-10,73,Image
1264,2015-10-28,20,Image
1273,2015-04-16,31,Image
1278,2014-02-18,88,Image
1284,2009-05-14,63,Image
1287,2015-11-22,61,Image
1288,2011-12-03,94,Image
1293,2014-07-12,97,Image
1298,2013-11-09,15,Image
1299,2010-02-18,38,Image
1300,2015-08-01,68,Image
1310,2015-05-20,56,Image
1313,2013-12-28,5,Image
1314,2015-08-22,3,Image
1315,2009-02-23,60,Image
1317,2011-12-19,2,Image
1318,2015-12-17,96,Image
1321,2010-08-04,27,Image
1329,2015-07-04,47,Image
1332,2011-04-23,17,Image
1343,2015-06-09,53,Image
1344,2009-09-07,2,Image
1349,2013-12-17,38,Image
1351,2014-06-29,37,Image
1353,2009-06-13,83,Image
1362,2013-12-05,90,Image
1369,2015-09-14,8,Image
1370,2008-04-22,63,Image
1371,2015-10-27,96,Image
1372,2015-09-08,64,Image
1374,2015-05-31,45,Image
1379,2012-08-24,15,Image
1385,2013-03-24,78,Image
1391,2014-02-13,22,Image
1392,2013-11-15,76,Image
1397,2014-07-14,94,Image
1398,2013-12-16,59,Image
1399,2010-05-20,18,Image
1403,2008-11-28,11,Image
1404,2012-09-17,67,Image
1409,2015-01-18,54,Image
1411,2013-11-11,59,Image
1413,2012-09-30,81,Image
1420,2001-11-14,21,Image
1423,2014-06-08,33,Image
1425,2010-02-05,50,Image
1429,2015-08-26,57,Image
1435,2014-03-20,84,Image
1437,2009-11-09,4,Image
1440,2015-09-03,26,Image
1444,2013-04-26,23,Image
1447,2014-09-25,40,Image
1449,2010-12-11,87,Image
1451,2014-12-24,52,Image
1452,2005-07-06,42,Image
1453,2015-11-12,57,Image
1457,2013-10-31,50,Image
1458,2008-06-06,12,Image
1460,2014-01-26,41,Image
1466,2012-08-27,3,Image
1468,2014-01-25,37,Image
1474,2015-08-16,47,Image
1476,2014-02-15,78,Image
1477,2014-05-02,35,Image
1478,2015-09-10,21,Image
1481,2011-05-08,25,Image
1482,2013-05-22,28,Image
1484,2011-07-27,2,Image
1485,2002-09-05,4,Image
1486,2014-12-12,3,Image
1487,2013-06-15,8,Image
1489,2012-01-11,90,Image
1492,2009-05-22,7,Image
1493,2013-10-06,46,Image
1495,2011-05-19,8,Image
1496,2015-08-10,58,Image
1500,2013-01-10,84,Image
1503,2015-03-24,24,Image
1510,2010-04-04,65,Image
1513,2011-03-15,90,Image
1515,2012-12-13,28,Image
1516,2014-01-02,4,Image
1517,2013-08-12,44,Image
1522,2010-01-21,29,Image
1524,2010-10-04,20,Image
1527,2014-03-21,89,Image
1530,2009-12-30,68,Image
1531,2003-03-04,13,Image
1533,2009-02-21,54,Image
1545,2015-12-22,31,Image
1546,2013-06-15,78,Image
1547,2015-12-04,57,Image
1549,2013-10-05,50,Image
1560,2015-12-25,97,Image
1561,2015-09-26,35,Image
1570,2015-07-08,53,Image
1571,2014-06-09,38,Image
1572,2015-10-17,23,Image
1578,2009-11-19,5,Image
1587,2011-07-09,80,Image
1605,2010-08-12,30,Image
1607,2010-05-26,67,Image
1608,2014-08-29,63,Image
1613,2006-08-23,51,Image
1617,2008-11-23,69,Image
1622,2009-07-13,33,Image
1624,2015-08-14,50,Image
1630,2011-04-28,46,Image
1637,2002-03-30,71,Image
1639,2014-09-23,14,Image
1641,2014-09-23,92,Image
1642,2015-03-31,35,Image
1645,2005-09-16,89,Image
1649,2015-06-27,83,Image
1653,2015-12-14,57,Image
1654,2010-06-15,12,Image
1655,2008-09-09,19,Image
1659,2015-10-14,61,Image
1660,2011-03-13,63,Image
1661,2015-08-10,54,Image
1666,2007-06-11,89,Image
1671,2014-04-04,35,Image
1673,2011-10-28,4,Image
1675,2015-06-06,48,Image
1678,2012-12-02,86,Image
1685,2005-05-26,29,Image
1688,2008-02-12,42,Image
1690,2007-10-05,65,Image
1691,2013-03-23,71,Image
1695,2015-01-27,53,Image
1697,2015-05-30,54,Image
1699,2014-11-13,10,Image
1700,2007-06-29,14,Image
1702,2006-03-18,30,Image
1703,2013-04-03,13,Image
1719,2012-01-19,84,Image
1721,2015-11-28,52,Image
1725,2013-10-13,100,Image
1730,2012-11-24,46,Image
1734,2008-06-22,6,Image
1737,2015-10-19,54,Image
1741,2003-10-14,60,Image
1743,2014-08-20,22,Image
1745,2009-08-13,87,Image
1756,2015-05-22,52,Image
1764,2015-12-31,85,Image
1768,2014-03-14,78,Image
1773,2004-08-16,4,Image
1778,2014-03-19,35,Image
1783,2015-04-22,91,Image
1784,2014-10-29,76,Image
1788,2014-02-28,47,Image
1791,2010-09-14,30,Image
1793,2015-10-18,22,Image
1800,2005-08-30,6,Image
1804,2003-05-22,60,Image
1805,2012-03-29,68,Image
1806,2013-12-02,39,Image
1808,2014-10-14,75,Image
1809,2014-04-16,35,Image
1810,2009-03-01,6,Image
1816,2014-11-27,37,Image
1819,2009-08-25,63,Image
1826,2013-10-28,91,Image
1837,2013-03-01,23,Image
1838,2002-06-17,41,Image
1846,2014-02-20,37,Image
1854,2007-02-15,60,Image
1855,2013-10-18,7,Image
1856,2015-10-17,93,Image
1868,2013-10-07,36,Image
1869,2014-03-20,82,Image
1870,2005-11-30,20,Image
1888,2014-08-22,65,Image
1889,2002-10-22,50,Image
1897,2009-06-15,43,Image
1906,2015-02-24,9,Image
1908,2014-10-02,34,Image
1911,2014-02-13,49,Image
1915,2015-10-28,26,Image
1916,2014-08-07,76,Image
1926,2004-10-02,13,Image
1935,2010-08-18,20,Image
1938,2015-08-06,11,Image
1942,2013-01-21,78,Image
1944,2015-10-13,31,Image
1956,2015-04-06,52,Image
1958,2015-08-01,78,Image
1960,2014-03-07,80,Image
1964,2011-07-14,38,Image
1965,2010-04-15,81,Image
1967,2014-04-02,7,Image
1968,2015-04-10,53,Image
1969,2012-10-16,78,Image
1974,2014-03-07,40,Image
1976,2001-11-12,50,Image
1981,2015-11-02,61,Image
1990,2014-10-18,60,Image
1991,2010-10-31,67,Image
1992,2005-06-19,4,Image
1994,2010-02-23,20,Image
1995,2011-09-29,65,Image
1998,2012-12-03,4,Image
2003,2015-07-26,35,Image
2004,2013-09-12,68,Image
2005,2015-12-03,99,Image
2009,2009-12-07,41,Image
2010,2010-09-17,46,Image
2016,2012-06-30,94,Image
2025,2013-01-06,15,Image
2028,2014-12-25,56,Image
2034,2015-04-17,62,Image
2037,2011-02-03,7,Image
2044,2014-08-10,75,Image
2045,2004-01-28,55,Image
2048,2014-11-26,48,Image
2055,2013-05-02,10,Image
2057,2015-07-28,34,Image
2059,2008-04-21,81,Image
2061,2015-07-10,49,Image
2065,2010-06-18,18,Image
2067,2015-12-28,3,Image
2068,2014-08-19,28,Image
2074,2015-04-03,33,Image
2083,2015-03-15,77,Image
2085,2015-12-03,35,Image
2096,2015-08-16,57,Image
2103,2011-08-11,33,Image
2115,2010-06-11,33,Image
2119,2012-08-24,8,Image
2120,2012-01-28,63,Image
2121,2010-03-28,67,Image
2135,2015-11-08,81,Image
2136,2014-03-07,12,Image
2150,2013-08-21,23,Image
2162,2008-07-12,20,Image
2167,2012-12-13,83,Image
2175,2012-11-11,83,Image
2176,2013-07-19,78,Image
2181,2015-09-21,75,Image
2182,2013-06-30,68,Image
2183,2009-10-12,11,Image
2195,2015-09-27,8,Image
2196,2012-08-06,21,Image
2197,2008-05-02,10,Image
2200,2010-01-13,80,Image
2201,2011-06-29,87,Image
2206,2014-07-19,98,Image
2210,2012-03-27,23,Image
2212,2014-05-15,35,Image
2218,2007-03-06,69,Image
2232,2014-10-29,79,Image
2237,2014-12-05,46,Image
2240,2010-10-25,18,Image
2242,2014-11-22,68,Image
2246,2014-10-10,53,Image
2248,2014-07-08,24,Image
2249,2009-11-20,33,Image
2252,2014-03-25,1,Image
2256,2015-11-30,97,Image
2257,2013-09-02,72,Image
2261,2011-09-01,54,Image
2264,2013-11-01,98,Image
2271,2015-09-07,92,Image
2272,2015-08-21,62,Image
2282,2013-03-28,72,Image
2284,2007-11-11,50,Image
2285,2013-03-14,16,Image
2289,2013-01-12,15,Image
2292,2012-09-15,54,Image
2296,2006-10-21,51,Image
2297,2012-01-20,23,Image
2305,2011-01-25,2,Image
2306,2013-02-14,44,Image
2309,2007-01-29,69,Image
2313,2009-06-03,74,Image
2317,2009-07-07,2,Image
2319,2014-10-04,1,Image
2327,2015-09-29,93,Image
2328,2012-08-02,55,Image
2330,2013-10-15,22,Image
2333,2014-10-21,64,Image
2335,2015-02-28,62,Image
2346,2009-02-19,2,Image
2348,2013-06-19,13,Image
2350,2012-06-11,25,Image
2351,2010-02-03,55,Image
2354,2006-09-09,94,Image
2356,2015-06-29,66,Image
2360,2012-11-09,97,Image
2361,2008-03-27,67,Image
2363,2010-12-15,12,Image
2364,2011-05-29,77,Image
2371,2013-12-03,27,Image
2377,2011-07-09,1,Image
2379,2010-07-12,65,Image
2380,2011-04-04,10,Image
2381,2012-07-11,73,Image
2382,2014-04-27,37,Image
2383,2011-09-06,91,Image
2385,2006-08-12,20,Image
2388,2014-12-15,34,Image
2396,2012-06-22,29,Image
2404,2011-11-04,63,Image
2408,2015-07-05,78,Image
2410,2013-12-02,10,Image
2413,2010-11-05,13,Image
2419,2015-04-17,53,Image
2425,2004-10-18,13,Image
2426,2014-09-02,82,Image
2428,2006-03-20,81,Image
2434,2014-04-09,39,Image
2438,2011-07-17,84,Image
2447,2011-02-16,55,Image
2450,2004-10-02,89,Image
2452,2015-08-23,58,Image
2455,2015-12-06,57,Image
2467,2005-03-06,10,Image
2472,2011-03-19,91,Image
2477,2015-10-22,46,Image
2482,2015-12-30,85,Image
2483,2013-06-10,15,Image
2486,2010-03-15,74,Image
2487,2009-02-18,95,Image
2489,2013-06-29,37,Image
2495,2014-07-29,53,Image
2498,2006-09-20,51,Image
2500,2010-03-10,29,Image
6,2014-11-25,70,Link
10,2014-07-28,46,Link
23,2009-04-06,12,Link
25,2010-01-09,83,Link
26,2011-05-01,60,Link
38,2015-06-01,45,Link
41,2014-05-15,64,Link
44,2010-08-01,74,Link
45,2014-12-02,92,Link
46,2015-12-30,85,Link
47,2011-09-04,10,Link
48,2014-10-02,88,Link
50,2014-04-01,63,Link
52,2011-07-27,7,Link
65,2014-10-19,9,Link
71,2015-11-21,93,Link
74,2015-07-26,31,Link
75,2004-07-29,32,Link
76,2013-06-28,54,Link
82,2014-05-29,39,Link
83,2015-08-05,53,Link
86,2015-12-25,61,Link
89,2009-10-24,63,Link
94,2014-04-21,75,Link
100,2015-07-20,37,Link
101,2003-08-15,69,Link
108,2015-01-26,37,Link
111,2015-08-05,34,Link
113,2010-11-25,84,Link
116,2013-01-05,36,Link
121,2012-12-14,39,Link
123,2012-12-23,64,Link
133,2009-08-04,87,Link
134,2011-03-29,84,Link
138,2009-10-11,86,Link
142,2013-04-02,25,Link
150,2015-12-24,96,Link
152,2014-09-26,73,Link
156,2008-11-21,86,Link
157,2015-08-04,5,Link
160,2014-09-26,84,Link
161,2004-06-21,50,Link
162,2011-04-05,88,Link
163,2015-02-08,72,Link
164,2014-12-29,78,Link
167,2011-05-27,22,Link
171,2015-06-26,31,Link
172,2012-03-25,87,Link
175,2014-08-22,95,Link
178,2008-06-25,14,Link
179,2015-07-02,66,Link
180,2006-08-10,83,Link
182,2011-08-21,87,Link
185,2008-08-17,86,Link
186,2014-11-19,70,Link
188,2015-12-28,61,Link
192,2015-08-28,26,Link
194,2014-08-29,97,Link
195,2010-04-27,58,Link
200,2013-11-27,78,Link
209,2014-04-28,78,Link
218,2015-07-11,52,Link
225,2014-02-20,63,Link
236,2013-10-11,59,Link
237,2009-09-02,83,Link
239,2012-07-02,24,Link
240,2015-07-05,30,Link
245,2012-04-10,19,Link
249,2006-05-06,63,Link
255,2015-10-31,56,Link
259,2009-02-23,87,Link
267,2013-06-08,30,Link
280,2015-02-12,1,Link
283,2014-06-14,97,Link
294,2014-02-26,74,Link
298,2011-01-06,25,Link
310,2013-12-25,40,Link
313,2010-06-06,58,Link
315,2009-09-25,77,Link
322,2012-12-04,51,Link
327,2013-09-03,76,Link
330,2015-12-30,31,Link
335,2015-12-18,31,Link
343,2011-12-03,36,Link
346,2012-08-07,60,Link
349,2015-09-12,96,Link
350,2011-11-16,20,Link
351,2013-11-12,21,Link
353,2015-02-28,10,Link
356,2014-12-05,70,Link
358,2009-09-19,41,Link
359,2015-12-06,34,Link
362,2010-01-01,29,Link
363,2015-07-25,18,Link
365,2007-04-24,20,Link
368,2015-09-08,58,Link
369,2008-08-10,54,Link
375,2013-09-21,42,Link
380,2014-04-25,73,Link
381,2010-09-05,41,Link
382,2015-07-07,1,Link
396,2007-05-27,65,Link
398,2012-04-25,74,Link
400,2013-12-28,49,Link
407,2011-09-18,3,Link
409,2012-11-03,37,Link
416,2010-10-07,42,Link
419,2011-06-26,73,Link
422,2003-03-03,71,Link
424,2012-07-03,80,Link
427,2012-07-01,28,Link
430,2015-04-16,37,Link
431,2015-05-20,52,Link
435,2015-07-31,26,Link
438,2011-10-02,22,Link
445,2015-03-25,57,Link
447,2008-02-21,49,Link
448,2013-06-30,37,Link
450,2007-10-06,12,Link
460,2014-03-14,94,Link
462,2014-07-20,68,Link
463,2008-12-20,94,Link
466,2014-09-14,71,Link
473,2011-09-12,73,Link
474,2009-12-20,87,Link
479,2007-09-10,12,Link
494,2010-01-25,63,Link
499,2015-04-04,75,Link
504,2015-11-02,61,Link
512,2015-09-29,66,Link
516,2007-08-19,42,Link
517,2011-10-18,3,Link
520,2010-11-09,95,Link
524,2005-07-20,30,Link
535,2010-05-27,69,Link
537,2011-06-11,67,Link
539,2009-02-24,27,Link
541,2015-10-07,94,Link
545,2015-09-13,57,Link
565,2015-11-30,66,Link
567,2008-04-24,74,Link
573,2015-10-01,76,Link
592,2014-10-24,88,Link
610,2014-05-15,75,Link
613,2010-10-11,63,Link
615,2006-03-28,69,Link
617,2011-03-09,54,Link
623,2012-06-03,59,Link
628,2010-11-28,94,Link
629,2014-08-30,35,Link
630,2014-01-14,49,Link
633,2010-04-23,13,Link
635,2015-03-23,55,Link
636,2015-09-10,66,Link
639,2011-03-28,64,Link
644,2015-09-13,5,Link
649,2014-07-15,22,Link
653,2015-12-30,85,Link
662,2015-11-01,80,Link
667,2014-07-28,73,Link
668,2014-08-25,8,Link
672,2015-07-06,40,Link
684,2011-11-18,2,Link
689,2015-02-13,7,Link
690,2015-11-30,35,Link
695,2014-05-14,45,Link
700,2015-07-19,62,Link
708,2009-03-14,11,Link
716,2012-12-09,23,Link
731,2008-06-01,42,Link
739,2015-10-07,73,Link
748,2014-01-09,47,Link
752,2014-04-26,59,Link
759,2013-12-01,68,Link
763,2013-12-11,9,Link
770,2015-01-19,27,Link
773,2001-03-09,41,Link
775,2015-11-04,93,Link
780,2008-01-27,13,Link
784,2010-03-28,5,Link
796,2015-06-27,66,Link
802,2006-12-20,3,Link
803,2009-01-11,21,Link
811,2015-11-19,93,Link
812,2015-12-31,85,Link
813,2015-11-10,34,Link
815,2013-11-11,36,Link
816,2012-10-24,6,Link
822,2012-06-21,6,Link
823,2015-08-17,98,Link
825,2015-11-07,96,Link
830,2013-12-31,51,Link
836,2011-08-30,90,Link
838,2014-05-16,74,Link
850,2014-05-22,84,Link
851,2011-06-09,49,Link
852,2015-10-24,93,Link
863,2003-02-19,81,Link
864,2012-05-25,41,Link
865,2015-12-22,93,Link
867,2012-07-17,55,Link
876,2014-04-28,19,Link
883,2014-09-16,44,Link
892,2011-10-30,58,Link
894,2013-10-08,18,Link
898,2014-03-21,62,Link
908,2011-08-31,11,Link
910,2015-08-22,24,Link
914,2013-06-11,49,Link
915,2013-07-24,72,Link
920,2007-02-13,60,Link
923,2015-04-20,28,Link
928,2009-04-03,94,Link
932,2010-05-13,38,Link
934,2015-11-24,44,Link
942,2013-11-21,8,Link
949,2003-05-15,13,Link
954,2011-08-08,91,Link
959,2012-04-28,79,Link
960,2014-04-13,35,Link
964,2011-10-04,19,Link
965,2012-09-03,59,Link
966,2015-09-06,34,Link
973,2012-08-16,78,Link
977,2014-09-16,48,Link
979,2015-12-17,10,Link
980,2014-10-30,27,Link
984,2003-08-08,4,Link
986,2009-12-09,68,Link
987,2004-12-27,86,Link
991,2015-05-13,84,Link
994,2009-06-09,2,Link
998,2014-12-11,73,Link
999,2001-05-11,13,Link
1003,2015-08-24,47,Link
1005,2013-01-13,79,Link
1007,2012-08-31,39,Link
1011,2011-08-08,72,Link
1017,2014-08-30,78,Link
1028,2010-03-23,69,Link
1029,2015-12-25,99,Link
1032,2007-01-09,63,Link
1040,2014-01-24,97,Link
1047,2015-06-08,47,Link
1055,2006-07-08,43,Link
1056,2011-11-06,84,Link
1060,2015-12-14,26,Link
1071,2013-05-27,28,Link
1078,2015-03-21,57,Link
1082,2013-03-29,37,Link
1091,2011-11-11,22,Link
1092,2012-08-08,30,Link
1094,2014-08-23,48,Link
1096,2014-11-27,78,Link
1103,2012-11-18,11,Link
1113,2014-04-21,4,Link
1114,2015-02-28,8,Link
1116,2012-02-28,8,Link
1135,2015-11-21,16,Link
1137,2013-12-09,7,Link
1140,2007-12-11,5,Link
1151,2012-12-21,7,Link
1153,2014-05-11,22,Link
1161,2015-12-14,61,Link
1178,2015-07-15,24,Link
1181,2014-06-20,100,Link
1188,2014-10-22,40,Link
1197,2003-03-28,51,Link
1201,2015-11-11,70,Link
1202,2015-11-27,99,Link
1205,2014-07-19,46,Link
1209,2015-02-02,98,Link
1210,2006-09-03,49,Link
1211,2011-05-28,12,Link
1216,2015-09-12,66,Link
1218,2004-12-23,32,Link
1224,2014-04-07,35,Link
1229,2008-02-05,17,Link
1230,2015-10-09,72,Link
1237,2013-10-04,100,Link
1238,2010-04-17,42,Link
1244,2014-02-16,53,Link
1247,2012-01-07,8,Link
1254,2007-03-14,51,Link
1256,2010-10-22,43,Link
1265,2012-02-02,11,Link
1266,2008-10-31,67,Link
1275,2015-12-02,60,Link
1276,2015-06-04,98,Link
1281,2010-12-05,25,Link
1285,2010-09-01,33,Link
1290,2012-08-17,76,Link
1292,2005-03-23,19,Link
1294,2015-05-31,70,Link
1295,2014-11-15,91,Link
1302,2015-02-08,70,Link
1323,2011-05-06,38,Link
1325,2011-04-06,39,Link
1326,2012-08-09,38,Link
1330,2015-03-17,52,Link
1331,2014-11-16,68,Link
1335,2005-02-14,81,Link
1347,2015-10-12,53,Link
1352,2003-09-04,42,Link
1365,2010-08-12,14,Link
1366,2015-03-29,45,Link
1368,2002-12-17,51,Link
1373,2015-11-01,35,Link
1375,2015-11-23,61,Link
1382,2015-11-20,99,Link
1386,2015-06-10,9,Link
1389,2013-10-12,72,Link
1412,2005-06-05,42,Link
1415,2015-11-15,47,Link
1418,2011-09-11,8,Link
1422,2011-01-22,1,Link
1427,2015-09-15,35,Link
1428,2015-08-23,57,Link
1431,2015-09-02,34,Link
1441,2014-11-23,24,Link
1445,2012-03-12,56,Link
1454,2013-03-17,84,Link
1459,2009-04-16,3,Link
1463,2011-02-22,64,Link
1464,2010-05-04,90,Link
1465,2006-12-17,21,Link
1471,2015-02-13,53,Link
1473,2013-09-07,18,Link
1490,2013-06-23,16,Link
1498,2009-07-08,77,Link
1502,2012-12-31,10,Link
1511,2012-01-20,64,Link
1514,2013-07-15,25,Link
1519,2014-06-05,88,Link
1526,2013-07-23,23,Link
1528,2013-07-28,36,Link
1532,2015-09-29,26,Link
1535,2009-11-29,65,Link
1536,2010-10-23,42,Link
1540,2013-12-21,36,Link
1543,2014-04-05,94,Link
1544,2006-09-22,20,Link
1552,2013-12-23,40,Link
1553,2015-03-19,52,Link
1556,2007-12-26,12,Link
1564,2008-12-04,74,Link
1567,2015-06-16,23,Link
1573,2002-06-24,69,Link
1575,2010-06-07,14,Link
1576,2011-06-25,6,Link
1583,2013-03-03,1,Link
1589,2009-05-05,27,Link
1591,2014-07-27,33,Link
1593,2012-02-20,2,Link
1596,2011-12-31,81,Link
1597,2014-03-04,15,Link
1601,2012-02-28,7,Link
1604,2015-12-31,85,Link
1618,2011-05-16,68,Link
1619,2013-03-17,84,Link
1620,2010-03-14,83,Link
1627,2005-04-23,60,Link
1628,2013-08-16,71,Link
1633,2015-12-13,99,Link
1638,2005-08-13,50,Link
1647,2014-09-03,53,Link
1656,2015-02-18,15,Link
1665,2015-02-11,6,Link
1668,2013-10-16,36,Link
1676,2013-10-27,8,Link
1677,2012-01-07,54,Link
1681,2015-11-28,93,Link
1687,2012-11-08,37,Link
1689,2014-03-21,95,Link
1696,2014-01-04,20,Link
1698,2013-05-10,7,Link
1706,2013-10-28,91,Link
1710,2013-02-14,49,Link
1714,2006-03-21,20,Link
1723,2015-08-29,94,Link
1726,2015-12-31,59,Link
1738,2015-07-23,92,Link
1740,2008-08-09,43,Link
1746,2013-06-26,25,Link
1747,2014-03-06,58,Link
1749,2014-03-13,41,Link
1755,2003-10-08,60,Link
1757,2000-11-06,81,Link
1762,2013-04-02,2,Link
1763,2012-04-23,79,Link
1775,2014-08-19,75,Link
1781,2015-07-21,88,Link
1782,2011-09-07,44,Link
1786,2015-01-20,84,Link
1789,2015-12-27,45,Link
1798,2012-06-22,18,Link
1801,2015-05-23,35,Link
1812,2015-03-15,48,Link
1813,2006-09-22,43,Link
1814,2014-03-25,14,Link
1815,2012-10-02,15,Link
1817,2015-10-20,9,Link
1828,2015-11-13,26,Link
1840,2014-06-15,20,Link
1843,2012-04-04,4,Link
1848,2014-10-24,90,Link
1851,2005-11-26,29,Link
1852,2015-05-26,20,Link
1853,2013-03-29,88,Link
1861,2005-03-03,30,Link
1863,2015-08-05,69,Link
1865,2015-04-02,98,Link
1866,2013-12-09,39,Link
1867,2015-04-22,73,Link
1871,2011-06-29,80,Link
1872,2015-11-01,96,Link
1875,2015-05-08,57,Link
1876,2015-06-20,57,Link
1877,2008-08-12,19,Link
1880,2015-12-30,85,Link
1886,2014-10-03,75,Link
1887,2010-12-30,25,Link
1890,2015-07-05,35,Link
1893,2015-03-01,16,Link
1895,2015-01-18,9,Link
1901,2015-07-22,97,Link
1902,2012-05-02,91,Link
1905,2014-10-21,69,Link
1907,2012-11-02,4,Link
1914,2013-08-01,79,Link
1918,2014-09-08,71,Link
1919,2005-09-27,10,Link
1920,2005-11-26,5,Link
1922,2003-09-13,5,Link
1924,2011-10-23,22,Link
1932,2015-12-30,31,Link
1934,2015-10-20,83,Link
1940,2014-05-17,53,Link
1949,2012-10-17,91,Link
1953,2006-11-22,3,Link
1959,2012-04-07,22,Link
1962,2015-03-14,82,Link
1971,2014-07-03,91,Link
1973,2015-11-27,75,Link
1983,2014-04-06,23,Link
1986,2015-06-15,9,Link
1988,2015-05-23,45,Link
1989,2014-03-30,75,Link
1997,2012-12-20,27,Link
2001,2012-09-02,79,Link
2006,2013-12-08,22,Link
2007,2014-06-10,86,Link
2014,2015-06-08,57,Link
2015,2009-04-25,60,Link
2018,2010-01-10,38,Link
2019,2011-09-03,67,Link
2020,2015-10-17,93,Link
2022,2015-06-11,66,Link
2023,2013-09-26,54,Link
2026,2010-02-06,27,Link
2032,2011-05-30,68,Link
2033,2015-10-27,93,Link
2038,2015-08-04,9,Link
2039,2015-09-30,93,Link
2041,2010-11-19,38,Link
2043,2015-10-12,96,Link
2052,2012-06-09,60,Link
2054,2014-01-19,46,Link
2056,2015-06-25,52,Link
2066,2014-12-31,33,Link
2070,2008-04-28,12,Link
2071,2015-03-06,70,Link
2075,2010-08-27,17,Link
2076,2013-09-24,13,Link
2078,2013-09-29,73,Link
2079,2013-11-21,76,Link
2089,2015-12-10,93,Link
2092,2015-09-09,9,Link
2093,2008-08-06,41,Link
2100,2013-11-12,97,Link
2102,2015-08-24,12,Link
2104,2014-05-03,28,Link
2107,2011-01-09,84,Link
2108,2008-01-19,90,Link
2109,2015-02-09,72,Link
2111,2015-10-28,14,Link
2113,2011-12-03,83,Link
2116,2013-11-07,72,Link
2126,2014-04-05,38,Link
2129,2015-08-16,31,Link
2131,2015-04-20,38,Link
2145,2013-03-29,77,Link
2149,2015-05-16,9,Link
2152,2015-12-25,57,Link
2154,2013-09-24,21,Link
2161,2015-09-23,31,Link
2185,2015-03-24,27,Link
2186,2011-09-12,95,Link
2187,2010-09-04,16,Link
2188,2012-07-23,74,Link
2190,2007-05-08,71,Link
2193,2015-02-06,70,Link
2198,2014-11-17,8,Link
2204,2014-08-21,1,Link
2205,2015-12-30,99,Link
2211,2013-05-16,37,Link
2213,2015-11-19,61,Link
2217,2015-04-03,52,Link
2224,2013-02-02,78,Link
2227,2009-03-09,3,Link
2228,2014-03-19,8,Link
2230,2008-06-15,3,Link
2231,2012-07-05,76,Link
2234,2014-04-05,27,Link
2243,2015-02-02,7,Link
2244,2012-06-05,1,Link
2245,2006-03-28,19,Link
2247,2007-12-29,90,Link
2258,2015-09-01,52,Link
2259,2010-07-27,68,Link
2265,2011-11-30,25,Link
2267,2013-07-29,68,Link
2270,2006-05-10,50,Link
2276,2011-12-27,90,Link
2277,2011-04-30,8,Link
2278,2013-06-07,17,Link
2279,2012-12-05,73,Link
2288,2012-08-20,42,Link
2290,2005-04-20,32,Link
2291,2013-03-28,78,Link
2298,2012-07-19,23,Link
2301,2015-07-19,14,Link
2304,2012-06-21,65,Link
2312,2013-02-07,47,Link
2314,2007-07-08,81,Link
2316,2010-11-23,46,Link
2320,2011-08-18,67,Link
2329,2008-11-13,5,Link
2331,2003-07-27,60,Link
2332,2015-05-15,87,Link
2334,2010-08-25,25,Link
2336,2004-12-24,51,Link
2338,2010-12-13,83,Link
2353,2015-12-22,34,Link
2355,2011-10-29,44,Link
2359,2015-04-02,48,Link
2362,2011-07-05,73,Link
2373,2014-06-28,18,Link
2389,2014-03-10,28,Link
2391,2014-06-02,98,Link
2392,2011-05-20,14,Link
2397,2007-04-17,6,Link
2401,2006-09-30,65,Link
2405,2013-08-22,98,Link
2406,2013-12-10,33,Link
2407,2013-09-12,8,Link
2412,2007-07-09,10,Link
2415,2012-06-16,72,Link
2416,2013-06-13,91,Link
2417,2015-02-07,53,Link
2423,2012-02-27,29,Link
2427,2009-06-24,29,Link
2429,2006-04-29,55,Link
2431,2011-09-21,32,Link
2432,2012-01-18,23,Link
2435,2008-07-05,5,Link
2437,2012-01-14,29,Link
2442,2015-10-30,69,Link
2443,2014-05-04,100,Link
2446,2015-04-26,100,Link
2448,2015-10-26,93,Link
2449,2002-02-01,41,Link
2453,2014-06-21,15,Link
2454,2011-07-20,22,Link
2462,2006-12-04,49,Link
2463,2014-01-19,40,Link
2464,2015-05-10,79,Link
2465,2008-01-18,86,Link
2474,2014-10-20,88,Link
2478,2015-06-12,30,Link
2480,2009-03-07,95,Link
2485,2014-08-17,62,Link
2490,2015-12-16,1,Link
2494,2014-10-11,76,Link
