id,first_name,last_name,state_id,birthday,age,gender_id,acct_created_date
1,Kara,Jones,27,1969-09-29,47,2,2007-07-18
2,Bobby,Mills,7,1990-06-25,26,1,2015-02-10
3,Heather,Charles,15,2002-02-15,15,2,2014-12-01
4,Robert,Workman,46,1954-08-02,62,1,2002-07-17
5,Judy,Fleming,11,1988-03-12,28,2,2007-11-03
6,Alexandra,Ingram,49,1970-09-06,46,2,2005-05-11
7,Mary,Johnson,50,1979-11-16,37,2,2015-12-14
8,Eric,Ferrell,47,1954-10-03,62,1,2001-12-19
9,Erica,Klein,47,1997-03-30,19,2,2008-12-21
10,Joseph,Kline,9,1973-01-29,44,1,2007-01-10
11,Janette,West,35,1950-09-13,66,2,2010-03-08
12,Ann,Gonzalez,31,1965-04-29,51,2,2014-04-06
13,Michele,Montgomery,2,1995-08-02,21,2,2007-10-26
14,Thomas,Jenkins,9,2002-11-25,14,1,2012-03-05
15,Roger,Harrington,44,1970-05-26,46,1,2000-01-17
16,Mary,Barr,50,1992-09-25,24,2,2009-02-22
17,Elizabeth,Garcia,6,1969-08-26,47,2,2010-10-26
18,Scott,Mercado,17,1980-11-21,36,1,2008-04-11
19,Betty,Morrison,47,1995-04-03,21,2,2005-08-05
20,Amber,Smith,47,1992-03-18,24,2,2006-04-26
21,Susan,Avery,21,1973-10-29,43,2,2012-01-18
22,Ellen,Moore,20,1970-10-05,46,2,2008-11-26
23,Robert,Kidd,45,1969-06-25,47,1,2008-04-26
24,Karla,Schneider,16,1951-04-20,65,2,2006-10-17
25,Davis,Wallace,2,1966-03-06,51,1,2001-09-20
26,Johnnie,Thompson,20,1961-09-27,55,2,2013-06-05
27,Karen,Hickman,27,1986-11-08,30,2,2000-03-22
28,Timothy,Butler,20,1992-08-05,24,1,2007-01-03
29,Lillian,Watts,8,1968-07-05,48,2,2011-04-16
30,Jeff,Washington,27,1952-06-28,64,1,2013-07-27
31,Roy,Carrillo,2,1958-04-11,58,1,2012-01-31
32,Lindsay,Barr,27,1993-05-12,23,2,2015-04-01
33,Donna,Foster,16,1974-10-18,42,2,2001-04-17
34,Carmine,Mcdonald,6,1985-05-19,31,1,2010-11-22
35,April,Curry,29,1956-06-10,60,2,2012-05-10
36,Bridget,Sutton,44,1986-09-04,30,2,2015-11-04
37,Karen,Greer,27,1981-06-17,35,2,2010-06-30
38,Angela,Miles,47,1995-08-06,21,2,2006-02-06
39,Heather,Bailey,49,1967-03-08,49,2,2003-03-08
40,Stewart,Jackson,17,1952-03-20,64,1,2014-03-22
41,Willie,Johnson,5,1979-12-24,37,1,2009-05-29
42,Ben,Gonzales,15,1991-08-27,25,1,2012-07-01
43,Lawrence,Jenkins,1,1987-05-22,29,1,2005-09-07
44,Joanne,Myers,16,1990-01-21,27,2,2001-06-02
45,Holly,Gibson,19,1995-11-09,21,2,2013-10-14
46,Jenny,Morgan,31,1961-10-13,55,2,2014-12-27
47,Jose,Fernandez,35,1976-05-27,40,1,2005-05-15
48,Don,Hull,2,1978-05-12,38,1,2008-07-24
49,Linda,Reid,2,1980-04-28,36,2,2006-02-13
50,Joesph,Elliott,32,1966-03-02,51,1,2013-12-15
51,Patrick,Rios,49,1983-09-19,33,1,2008-04-27
52,Nancy,Burris,46,1967-04-08,49,2,2015-11-27
53,Todd,Ramos,11,1976-09-11,40,1,2009-12-15
54,Francisco,Hayes,43,2003-09-15,13,1,2015-07-29
55,Julio,Pittman,32,1967-07-15,49,1,2009-11-07
56,Heather,Burnett,24,1951-06-19,65,2,2011-11-07
57,Samuel,Johnson,12,1962-10-21,54,1,2012-02-06
58,Dominic,Cox,19,1963-08-10,53,1,2013-11-11
59,Thomas,Harrison,47,1973-01-20,44,1,2004-12-02
60,Jack,Davis,45,1961-05-16,55,1,2005-07-25
61,Jim,Allen,9,1958-11-03,58,1,2014-08-15
62,Carolyn,Conley,20,1977-06-18,39,2,2012-04-21
63,Richard,Flores,33,1989-08-20,27,1,2014-04-09
64,Ava,Davis,6,1991-02-14,26,2,2007-04-26
65,Carroll,Miles,36,1959-10-30,57,1,2000-06-14
66,David,Mccullough,2,1994-12-04,22,1,2015-11-21
67,Maria,Johnson,15,1998-02-09,19,2,2010-02-01
68,Joseph,Whitley,14,1957-12-06,59,1,2011-04-07
69,Michael,Guthrie,48,1951-10-11,65,1,2006-05-19
70,Ed,Bell,46,1973-11-02,43,1,2004-01-18
71,Joseph,Rodriguez,19,1964-12-01,52,1,2010-05-04
72,Julio,Hernandez,8,1960-09-08,56,1,2006-12-04
73,Dwight,Robinson,11,1973-10-22,43,1,2008-05-14
74,Sally,Moore,17,1977-05-29,39,2,2003-07-21
75,Isaac,Fowler,23,1957-09-24,59,1,2013-08-05
76,Dan,Freeman,27,1963-11-29,53,1,2010-12-09
77,Ronda,Walsh,14,1961-04-26,55,2,2002-10-26
78,Ivan,Joseph,40,1998-02-26,19,1,2012-06-10
79,Cheryl,Madden,49,1986-05-06,30,2,2014-08-29
80,Robert,Stevens,43,1998-09-25,18,1,2014-04-21
81,Donna,Rodriguez,38,1988-11-14,28,2,2008-10-15
82,Amy,Roach,5,1952-12-17,64,2,2012-12-24
83,Pat,Gates,41,1953-12-08,63,2,2005-06-10
84,Daniel,Williams,28,1973-12-26,43,1,2001-07-28
85,Michael,Nelson,30,1999-02-28,18,1,2014-03-08
86,Charles,Morales,46,1988-08-29,28,1,2000-03-05
87,Rachel,Morales,34,1960-09-22,56,2,2005-12-26
88,Deborah,Little,32,1998-12-28,18,2,2013-02-16
89,Robert,Davis,27,1962-03-13,54,1,2013-04-05
90,Louise,Burke,10,1980-03-19,36,2,2011-12-23
91,James,Hall,47,1960-04-25,56,1,2007-08-17
92,Colin,Joseph,4,1992-09-18,24,1,2003-12-22
93,Rosemarie,Williams,21,1964-10-27,52,2,2000-12-09
94,David,Vazquez,39,1963-11-13,53,1,2012-04-10
95,Dustin,Miller,32,1974-08-28,42,1,2015-10-31
96,Tammy,Ratliff,30,1993-10-25,23,2,2015-10-15
97,David,Robbins,7,1978-12-30,38,1,2014-12-15
98,Guadalupe,Scott,3,1979-04-12,37,2,2001-02-06
99,Joshua,Greene,7,1956-10-09,60,1,2005-01-22
100,Timothy,Moore,11,1995-02-02,22,1,2012-07-04
101,Bradley,Bonner,30,1999-12-08,17,1,2009-04-18
102,Consuelo,Green,15,1950-07-03,66,2,2008-07-12
103,Jess,Anderson,13,1976-10-04,40,1,2006-09-07
104,Jesse,Bell,38,1976-02-12,41,1,2011-08-12
105,Teresa,Richards,21,1950-06-21,66,2,2005-01-16
106,Diego,Nelson,38,1999-11-12,17,1,2011-12-31
107,Gordon,Johnson,31,1957-01-10,60,1,2011-05-17
108,Rebecca,Williams,23,1981-05-01,35,2,2009-07-18
109,Sally,Williams,30,1983-12-29,33,2,2009-03-09
110,David,Greene,48,1976-12-15,40,1,2004-08-16
111,Tommie,Hogan,50,1971-10-19,45,1,2007-01-25
112,Michael,White,24,1959-01-17,58,1,2004-06-24
113,Ashley,Barlow,34,1969-12-06,47,2,2001-06-30
114,Brenda,Campbell,44,1965-06-05,51,2,2009-07-23
115,Robert,White,25,1988-02-11,29,1,2009-11-18
116,Michael,Johnson,3,1974-12-11,42,1,2006-12-10
117,Doris,Sanders,15,1971-05-27,45,2,2005-03-31
118,Chester,Atkins,50,1995-01-17,22,1,2011-03-18
119,Karen,Lawson,48,1972-10-17,44,2,2011-08-14
120,Kevin,Silva,20,1950-08-04,66,1,2006-02-27
121,Stephen,Campbell,24,1960-02-19,57,1,2010-07-18
122,Paul,Mccarty,21,1965-12-23,51,1,2000-04-15
123,Brian,Wilcox,45,1989-02-11,28,1,2001-03-01
124,Jennifer,Hanson,43,1959-08-11,57,2,2010-10-15
125,Elmer,Evans,17,1958-02-01,59,1,2004-01-14
126,Lucile,Parker,23,1969-09-05,47,2,2006-12-09
127,Arthur,Morris,43,1997-09-26,19,1,2007-03-24
128,Leroy,Garcia,3,1987-06-28,29,1,2006-05-08
129,Sherry,Harris,6,1993-03-24,23,2,2011-11-04
130,Gladys,Campbell,11,1976-05-08,40,2,2012-09-25
131,Maria,Lewis,45,1957-02-01,60,2,2015-03-29
132,Allison,Johnson,38,1964-03-20,52,2,2008-11-12
133,Dorothy,Ortiz,18,1968-05-10,48,2,2001-04-28
134,James,Johnson,18,1997-09-30,19,1,2009-09-22
135,Beverly,Walsh,9,1954-03-23,62,2,2008-08-26
136,Stacy,Smith,24,1968-10-15,48,2,2010-08-20
137,Danny,O'neill,42,1997-08-16,19,1,2009-10-15
138,Jeffrey,Gonzalez,47,1970-10-01,46,1,2002-04-14
139,Joseph,Pena,11,2003-01-31,14,1,2013-09-01
140,Stephanie,Craig,3,1987-02-10,30,2,2009-04-18
141,James,Alston,20,1976-06-30,40,1,2004-08-04
142,Jane,Adams,12,2003-02-05,14,2,2015-06-30
143,Virginia,Yang,29,2001-10-02,15,2,2013-01-05
144,Jason,French,31,2000-12-24,16,1,2013-03-17
145,Judy,Pugh,22,1951-02-20,66,2,2003-07-22
146,Lee,Morales,48,1961-02-17,56,1,2004-02-16
147,Sarah,Stone,11,1967-12-23,49,2,2006-02-23
148,Ruth,Henderson,26,1962-06-08,54,2,2002-03-24
149,Patricia,Guzman,39,1979-11-29,37,2,2010-04-10
150,Danny,Garrison,3,1958-03-24,58,1,2001-03-25
151,Adriana,Richardson,38,1993-08-05,23,2,2007-11-06
152,Inez,Martin,34,1972-08-25,44,2,2002-07-19
153,Christine,Colon,40,1965-04-11,51,2,2014-02-20
154,Anthony,Browning,46,1979-02-12,38,1,2004-07-31
155,Joseph,Nunez,40,1997-08-05,19,1,2009-08-12
156,Wilma,Lewis,9,1969-02-08,48,2,2013-09-22
157,Robert,Lane,21,1974-01-31,43,1,2012-11-05
158,Barry,Brown,35,1999-04-23,17,1,2012-11-29
159,Jenifer,Reed,40,1997-10-12,19,2,2013-06-09
160,Elizabeth,Gonzalez,1,1950-04-21,66,2,2012-06-04
161,Nancy,Hernandez,20,1997-09-28,19,2,2010-11-03
162,Jon,Clark,49,1983-11-14,33,1,2012-08-24
163,Olga,Reyes,8,1970-03-20,46,2,2015-04-26
164,Emily,Bernard,31,1955-03-22,61,2,2008-05-27
165,Karen,Whitley,19,1991-11-25,25,2,2008-05-30
166,Ramon,Moon,25,1975-03-25,41,1,2013-10-26
167,Essie,Bell,33,1988-09-29,28,2,2002-06-25
168,Ted,Mitchell,8,1971-05-21,45,1,2001-11-30
169,Christina,Schwartz,21,1975-01-15,42,2,2012-12-28
170,Jessica,Hill,47,1999-10-30,17,2,2011-07-31
171,Carl,Owens,29,1960-06-26,56,1,2002-11-21
172,Hazel,Ortiz,39,1961-05-11,55,2,2006-06-25
173,Elizabeth,James,3,1994-01-13,23,2,2004-10-30
174,John,Lewis,48,1997-06-10,19,1,2012-07-17
175,Jessie,Decker,50,1998-11-26,18,2,2013-11-05
176,Sue,Lara,26,1985-10-19,31,2,2010-12-01
177,Mark,Howard,24,2004-11-09,12,1,2015-05-05
178,Bridget,Chase,23,1986-11-12,30,2,2009-08-31
179,Maria,Bailey,5,1991-03-30,25,2,2011-08-30
180,Jeffery,King,27,1988-08-07,28,1,2011-04-27
181,Robert,Dean,35,1952-10-04,64,1,2008-01-03
182,Beverly,Watson,41,1964-06-22,52,2,2002-10-22
183,Barbara,Edwards,32,1968-10-23,48,2,2009-08-10
184,Robin,Williams,21,1972-03-09,44,2,2012-11-10
185,Frankie,Ramsey,8,1972-03-15,44,1,2004-02-09
186,Stephen,Clark,32,1995-01-14,22,1,2015-03-06
187,Tina,Short,32,1968-07-28,48,2,2012-03-13
188,Ira,Guthrie,5,1982-04-20,34,1,2013-03-27
189,Elizabeth,Benson,12,1999-06-15,17,2,2014-01-30
190,Consuelo,Burns,43,1964-08-31,52,2,2005-10-14
191,Carolyn,Flores,41,1996-06-24,20,2,2014-12-29
192,Gloria,Davis,32,1992-06-09,24,2,2009-05-16
193,Sandra,Carney,21,1979-05-17,37,2,2000-03-15
194,Curt,Malone,3,1994-02-26,23,1,2009-02-08
195,Angela,Goodwin,4,1969-07-01,47,2,2010-07-20
196,Dorothy,Lester,15,1954-10-05,62,2,2005-01-04
197,Gabriel,Richards,28,1999-11-22,17,1,2011-07-17
198,Teresa,Taylor,31,2002-03-02,15,2,2015-07-17
199,Randall,Galloway,1,1979-07-02,37,1,2015-11-13
200,Austin,Hudson,25,1995-12-06,21,1,2005-03-15
201,Alfred,Mitchell,43,1992-03-08,24,1,2011-06-09
202,Daniel,Morales,18,1973-04-18,43,1,2013-06-15
203,Robert,Butler,4,1971-06-03,45,1,2003-12-23
204,Cleo,Wilson,42,1980-04-23,36,1,2015-02-06
205,Madelyn,Mccall,26,1957-07-16,59,2,2005-12-17
206,Irma,Smith,11,1955-07-11,61,2,2007-12-17
207,Theodore,Boone,10,1966-08-28,50,1,2000-04-25
208,Mattie,Smith,50,2004-03-13,12,2,2015-08-06
209,Margret,Burns,26,2000-02-19,17,2,2013-03-29
210,Carlos,Brown,9,1969-04-23,47,1,2013-02-27
211,Gary,Ballard,14,1969-09-03,47,1,2001-05-15
212,Jess,Kirby,40,1983-09-15,33,1,2011-03-16
213,Vivian,Sullivan,41,1982-04-14,34,2,2000-02-15
214,William,Lopez,17,1996-06-26,20,1,2007-05-08
215,Edwin,Lynch,42,1953-12-08,63,1,2006-03-03
216,Tracey,Jones,3,1972-01-11,45,2,2001-12-11
217,Rebecca,Lester,22,1977-01-12,40,2,2009-11-05
218,Erin,Hall,35,1974-09-21,42,2,2010-10-17
219,Michael,Byrd,1,1961-01-01,56,1,2011-02-19
220,Bernice,Young,1,1978-12-30,38,2,2014-06-15
221,Bret,Bird,46,1993-05-31,23,1,2013-12-25
222,Melody,Cooper,32,1978-10-09,38,2,2006-01-04
223,Margaret,Martin,18,1990-07-27,26,2,2010-08-20
224,Evan,Campbell,44,1970-02-28,47,1,2013-05-18
225,Andrea,Albert,4,1999-07-01,17,2,2012-11-17
226,John,Zimmerman,41,1991-02-25,26,1,2014-12-06
227,Erick,Long,39,1970-12-08,46,1,2001-01-18
228,Suzanne,Conner,17,1956-12-31,60,2,2009-02-22
229,Rosa,Campbell,39,1993-10-19,23,2,2007-05-21
230,Gerald,Smith,45,1993-04-24,23,1,2015-11-06
231,Nicole,Hardy,14,1981-04-18,35,2,2005-10-31
232,Patricia,Sanchez,10,1981-09-13,35,2,2000-01-10
233,Eleanor,Gibson,48,1977-08-31,39,2,2010-01-26
234,Deborah,Smith,33,1994-03-19,22,2,2009-01-17
235,Dennis,Sanford,41,1951-03-12,65,1,2001-08-06
236,Daniel,Holloway,21,2000-03-28,16,1,2015-12-11
237,Dennis,Thompson,40,1951-12-23,65,1,2003-12-16
238,Michael,Miller,22,1986-05-04,30,1,2006-08-17
239,Eleanor,Perez,23,1982-09-12,34,2,2007-04-11
240,Carol,Burris,3,1952-07-07,64,2,2006-05-13
241,Leroy,Hopper,17,1987-04-12,29,1,2015-11-19
242,Jeremy,Bell,9,1966-07-08,50,1,2006-04-09
243,Constance,Craig,7,1954-04-05,62,2,2009-12-18
244,Nina,Hall,4,1987-05-12,29,2,2012-07-15
245,Randall,Delgado,5,1991-11-28,25,1,2013-05-04
246,Sylvia,Ruiz,39,1982-07-26,34,2,2001-03-24
247,Thomas,Lewis,41,1958-10-13,58,1,2006-06-08
248,Jill,Harris,40,1968-10-09,48,2,2006-06-20
249,Sheila,Ford,44,1999-12-01,17,2,2013-12-22
250,James,Adams,39,1967-06-26,49,1,2005-04-02
251,Katherine,Jones,5,1981-08-23,35,2,2003-07-17
252,Helen,Mullins,2,1966-12-16,50,2,2014-02-28
253,Robert,Molina,39,1972-06-28,44,1,2007-08-19
254,Mary,Franklin,11,1996-04-06,20,2,2008-03-15
255,David,Miller,48,1967-08-21,49,1,2007-03-24
256,Margery,Clayton,4,1996-10-12,20,2,2014-11-15
257,Alan,Robinson,28,1997-07-20,19,1,2010-01-16
258,Aaron,Allen,20,1992-08-02,24,1,2002-02-01
259,Gerald,Johnson,33,2004-05-31,12,1,2015-02-22
260,Donna,Green,39,1967-10-03,49,2,2003-01-17
261,Hiram,Page,46,1983-11-24,33,1,2004-03-04
262,Stuart,Pearson,33,1972-05-20,44,1,2007-04-06
263,Robert,Peters,10,1973-07-06,43,1,2006-03-03
264,Beatrice,Sanford,32,1959-06-27,57,2,2008-04-12
265,Lucy,Bernard,1,1952-06-22,64,2,2012-12-13
266,Kyle,Hood,30,1975-02-08,42,1,2008-11-24
267,Edward,Jennings,31,1984-04-05,32,1,2003-06-17
268,Charles,Castro,14,1997-12-18,19,1,2014-07-29
269,Natalie,Sullivan,29,1987-06-22,29,2,2012-08-29
270,Marcia,Wright,26,1973-08-14,43,2,2011-09-22
271,Charlotte,Powell,7,1961-06-09,55,2,2003-06-19
272,Frank,Miller,13,1963-11-07,53,1,2007-04-08
273,Frances,Lawrence,37,1962-07-07,54,2,2004-10-12
274,Nancy,Flores,9,2000-03-14,16,2,2011-09-02
275,Lester,Woods,1,1965-03-10,51,1,2011-10-20
276,James,Jordan,9,1960-08-08,56,1,2005-05-07
277,Paul,Murphy,47,1961-05-23,55,1,2001-04-18
278,Anthony,Mcmillan,31,1997-10-03,19,1,2012-01-03
279,Donald,Phillips,13,1965-04-19,51,1,2014-11-12
280,Mary,Mcmillan,15,1985-02-24,32,2,2008-06-21
281,Muriel,Franklin,48,1966-10-10,50,2,2008-10-05
282,Terrie,Price,28,1966-08-08,50,2,2000-02-07
283,Denise,Williams,28,1970-03-17,46,2,2003-02-20
284,Robert,Johnson,47,1957-03-29,59,1,2007-04-27
285,Gerald,Scott,7,1971-10-01,45,1,2003-12-19
286,Amy,Davis,12,1965-12-15,51,2,2003-09-16
287,Kenneth,Barr,41,1974-09-08,42,1,2008-01-24
288,Shirley,Sharpe,31,1956-09-01,60,2,2011-03-31
289,Nathaniel,Smith,23,1991-02-25,26,1,2012-03-18
290,Beverly,Moss,26,1955-06-18,61,2,2000-11-09
291,Clyde,Mclean,8,1970-10-09,46,1,2010-01-26
292,Toby,Holt,3,1984-10-02,32,1,2010-06-12
293,Jenna,Randolph,17,1962-10-02,54,2,2003-11-08
294,Jacqueline,Mckinney,23,2000-08-15,16,2,2014-11-15
295,Debra,West,3,1997-05-03,19,2,2009-12-14
296,Richard,Fletcher,29,1989-02-26,28,1,2003-01-05
297,Millard,Powell,27,1958-11-03,58,1,2010-09-04
298,Donna,Gates,45,1971-03-13,45,2,2005-01-27
299,Brett,O'donnell,24,1993-05-27,23,1,2006-07-07
300,Helen,Riley,41,1966-08-10,50,2,2008-04-08
301,Jesse,Smith,33,1954-06-27,62,1,2003-08-12
302,Brittany,Gilbert,49,1992-12-18,24,2,2005-08-18
303,Stephanie,Barnes,28,1974-07-28,42,2,2002-07-08
304,Shirley,House,40,1992-05-09,24,2,2015-04-07
305,Amber,Alvarado,4,1951-04-20,65,2,2011-03-14
306,John,Davenport,16,1960-08-15,56,1,2015-02-07
307,Mark,Leonard,46,1972-10-30,44,1,2010-03-04
308,Larry,Webb,35,1968-02-03,49,1,2010-12-07
309,Vanessa,Paul,41,1978-05-23,38,2,2006-11-09
310,Julie,Ruiz,39,1995-09-03,21,2,2012-07-05
311,Oliver,Howard,44,1962-02-21,55,1,2013-10-18
312,Gary,Dean,36,1993-09-28,23,1,2014-12-25
313,Carl,Wilson,4,1970-02-17,47,1,2004-08-19
314,Marta,Smith,42,1992-11-17,24,2,2008-04-25
315,Ellen,Hernandez,7,1980-06-22,36,2,2015-04-05
316,Stephen,Greer,38,1989-05-21,27,1,2002-12-30
317,Roy,Sanchez,26,1974-11-16,42,1,2007-04-23
318,Ida,Jones,12,1985-09-26,31,2,2006-10-25
319,Dana,Campbell,5,1990-11-13,26,2,2013-09-24
320,Lara,Bennett,48,1989-11-03,27,2,2014-12-11
321,Jimmy,Bishop,21,1985-06-17,31,1,2001-05-17
322,Shawn,Baker,15,1974-02-12,43,1,2001-03-19
323,Rose,Justice,31,1994-11-25,22,2,2007-07-26
324,Peter,Peterson,1,1990-10-04,26,1,2013-12-18
325,Alice,Johnson,30,1977-07-13,39,2,2015-11-13
326,Ashley,Battle,35,1972-09-17,44,2,2001-03-04
327,Renee,Nichols,11,1988-03-28,28,2,2006-07-07
328,Pamela,Barnett,17,1957-01-23,60,2,2009-12-10
329,Blanche,Massey,14,1959-06-11,57,2,2013-05-01
330,Mary,Santos,13,2002-05-19,14,2,2012-11-20
331,Howard,Skinner,39,1963-02-05,54,1,2007-06-05
332,Jean,Edwards,39,2000-12-20,16,2,2015-11-10
333,Sara,Hernandez,35,1971-09-24,45,2,2002-01-15
334,Joanna,Martinez,25,1982-06-03,34,2,2014-12-08
335,Terrance,Richardson,32,2004-08-10,12,1,2015-11-11
336,David,Welch,28,2003-03-16,13,1,2014-02-01
337,Samuel,Wilson,31,1980-05-19,36,1,2002-03-10
338,Steven,Montgomery,19,1990-11-16,26,1,2012-03-23
339,Dianna,Mejia,29,1969-07-07,47,2,2009-02-18
340,Leon,French,16,1995-06-14,21,1,2011-03-13
341,Jeffrey,Clark,9,1997-10-09,19,1,2009-03-28
342,Milford,Nguyen,11,2001-01-07,16,1,2015-12-16
343,Anna,Serrano,5,1961-02-16,56,2,2000-09-18
344,William,Harris,45,1954-02-18,63,1,2005-12-25
345,Louise,Johnson,32,1982-06-03,34,2,2015-07-21
346,Joan,Whitehead,14,1955-11-05,61,2,2001-01-15
347,Zachery,Greer,8,1956-04-25,60,1,2000-10-10
348,Alicia,Cruz,24,1977-03-02,40,2,2012-01-14
349,Jerry,Daugherty,1,1957-11-04,59,1,2007-06-23
350,Eleanor,Miller,12,1995-02-25,22,2,2012-12-18
351,Roland,Rose,17,1983-12-20,33,1,2015-11-08
352,Patricia,Jacobs,3,1994-04-18,22,2,2014-01-18
353,Charles,Murray,25,2002-04-26,14,1,2012-11-02
354,Ramon,Johnson,27,1978-07-03,38,1,2008-11-15
355,Richard,Marquez,28,1968-02-11,49,1,2012-03-01
356,Fred,Flores,15,1960-04-27,56,1,2007-08-19
357,Janie,Johnson,24,1989-01-13,28,2,2003-11-25
358,David,Rosario,10,1986-09-03,30,1,2002-09-24
359,Charlene,Carroll,2,2002-06-11,14,2,2012-05-13
360,Timothy,Ferrell,2,1961-08-13,55,1,2012-09-04
361,Jerry,Bailey,25,1964-12-25,52,1,2011-05-23
362,Rose,Weiss,24,1962-07-04,54,2,2013-04-21
363,Adam,Lucas,14,1990-08-07,26,1,2010-11-27
364,Earnestine,Scott,2,1964-12-30,52,2,2002-07-05
365,Lynne,Murphy,5,1958-08-19,58,2,2015-01-05
366,Richard,Mitchell,36,1959-08-17,57,1,2006-09-28
367,Timothy,Kelly,2,1969-11-27,47,1,2006-04-24
368,Ida,Walters,27,1976-09-06,40,2,2005-01-09
369,Howard,Taylor,14,1989-12-05,27,1,2000-03-10
370,May,Jackson,33,2001-01-17,16,2,2013-07-08
371,Caroline,Gardner,44,1959-09-05,57,2,2004-10-06
372,Brittany,O'neil,6,1997-10-18,19,2,2015-11-27
373,Tanya,Rodriguez,24,1981-03-31,35,2,2005-10-03
374,Janice,Kirk,42,1958-12-21,58,2,2015-01-20
375,Rosa,Craig,16,1959-08-26,57,2,2012-05-23
376,Daisy,Blair,34,1951-11-30,65,2,2013-03-25
377,Ethel,Brown,31,1953-05-07,63,2,2006-06-12
378,Robert,Walker,48,1976-06-13,40,1,2007-04-23
379,Tiffany,Hall,27,1989-06-23,27,2,2012-07-29
380,Jason,Smith,10,1952-11-24,64,1,2005-01-17
381,Helen,Newman,2,1961-07-03,55,2,2012-10-17
382,Eunice,Ross,35,2003-05-14,13,2,2013-07-29
383,Stanley,Duffy,5,1984-08-26,32,1,2002-07-18
384,Renee,Rice,29,1956-12-25,60,2,2004-11-22
385,Pam,Stevens,19,2004-01-28,13,2,2015-07-31
386,Mary,Walls,47,1960-09-30,56,2,2011-07-19
387,Rick,Kirby,50,1950-01-25,67,1,2008-07-23
388,James,Marsh,30,1972-06-25,44,1,2014-11-17
389,Alfred,Wise,5,1986-02-03,31,1,2003-04-28
390,Reginald,Miller,7,1984-01-28,33,1,2012-03-11
391,Marlene,Fuller,11,1983-06-06,33,2,2002-06-27
392,Bernardo,Wallace,16,1977-05-24,39,1,2005-01-02
393,Patricia,Rivera,21,1971-01-20,46,2,2012-08-26
394,Tracy,Cherry,4,1973-01-25,44,2,2005-02-13
395,June,Phillips,48,1985-02-02,32,2,2009-03-01
396,Beatrice,Robinson,44,1958-02-23,59,2,2000-06-12
397,Evelyn,Ramos,35,1950-04-07,66,2,2007-08-04
398,Roland,Mcintosh,4,1982-04-02,34,1,2008-09-19
399,Judy,Henry,4,1957-11-15,59,2,2004-12-07
400,Herman,Gonzalez,22,1988-01-22,29,1,2015-04-07
401,Brian,Turner,47,1974-07-20,42,1,2008-07-14
402,Matthew,Thornton,44,1985-06-09,31,1,2002-03-24
403,Mike,Stephens,12,1990-01-30,27,1,2011-01-11
404,Paul,Farmer,12,1990-11-02,26,1,2007-07-03
405,Jeanette,Warren,14,1980-12-02,36,2,2006-05-01
406,Jennifer,Rodriguez,22,1999-06-21,17,2,2011-01-01
407,Preston,Maxwell,9,2002-12-08,14,1,2014-03-09
408,David,Holman,37,1979-08-20,37,1,2008-03-10
409,Scotty,Brown,43,1961-11-23,55,1,2008-05-09
410,Angelo,Smith,50,1983-12-31,33,1,2003-02-14
411,Raymond,West,33,1968-05-15,48,1,2013-02-04
412,Julie,Norris,45,1975-04-17,41,2,2015-10-19
413,Matthew,Bowen,1,1986-06-04,30,1,2014-03-16
414,Raymond,Green,21,1970-10-29,46,1,2009-04-17
415,Casey,Mullen,43,1990-02-12,27,1,2001-04-24
416,Jimmie,Lester,46,1979-01-13,38,1,2013-07-24
417,Gloria,Cobb,17,1956-05-31,60,2,2002-11-12
418,Wanda,Fleming,45,1971-09-24,45,2,2012-10-11
419,Gene,Buckner,13,1969-09-20,47,1,2013-12-26
420,Carole,Marshall,36,1955-05-07,61,2,2015-02-17
421,Harry,Gonzalez,21,1993-02-23,24,1,2011-12-15
422,Marissa,Hall,10,1984-12-24,32,2,2001-01-05
423,Yolanda,Hickman,6,1971-01-10,46,2,2005-05-15
424,Glenna,Garcia,43,2000-11-27,16,2,2014-05-24
425,April,Moore,45,1999-09-26,17,2,2012-11-18
426,Margarita,Ingram,43,1987-02-11,30,2,2006-12-14
427,Marcia,Jensen,17,1950-10-18,66,2,2013-09-18
428,Patrick,Parker,1,1962-06-12,54,1,2013-05-10
429,Daniel,Macdonald,33,1963-11-09,53,1,2010-03-27
430,Alfredo,Silva,12,1977-03-30,39,1,2007-05-29
431,Christina,Johnson,46,1994-03-09,22,2,2004-03-18
432,Alicia,Nelson,26,1954-02-04,63,2,2003-04-21
433,Jamie,Jones,22,1955-05-25,61,2,2009-07-13
434,Gordon,Stuart,44,1987-10-07,29,1,2015-01-25
435,Robin,Johnson,29,1975-02-20,42,2,2005-09-14
436,Cornelius,Vincent,44,1987-09-27,29,1,2006-09-08
437,Tamara,Reed,15,1974-04-22,42,2,2009-11-15
438,Jerry,Reyes,1,1980-10-23,36,1,2005-12-17
439,Gordon,Robinson,50,1976-09-26,40,1,2011-08-25
440,Jim,Copeland,27,2001-06-06,15,1,2013-04-11
441,Brian,Garcia,14,1975-09-11,41,1,2008-08-17
442,Mario,Walsh,7,1964-04-19,52,1,2002-12-30
443,Willie,Camacho,2,1972-10-07,44,2,2007-11-06
444,Andrew,Ellis,24,1963-10-01,53,1,2006-12-03
445,Maria,Allen,36,1997-10-29,19,2,2015-04-12
446,Florence,Roberts,10,1960-02-05,57,2,2015-05-04
447,Tommie,Sanchez,9,1991-06-05,25,2,2008-08-16
448,Edward,Stout,2,1983-10-10,33,1,2006-07-29
449,William,Jones,39,1978-01-21,39,1,2005-07-16
450,Edna,Murray,13,1997-04-03,19,2,2011-08-14
451,Betty,Jimenez,42,1965-04-03,51,2,2004-04-10
452,Jennifer,Shepard,25,1975-05-04,41,2,2012-10-11
453,Alma,Morales,43,1991-06-15,25,2,2013-09-14
454,Grace,Gordon,11,1988-05-13,28,2,2010-10-11
455,Ramon,Wright,38,2000-09-19,16,1,2015-07-25
456,Lucas,England,44,1958-09-16,58,1,2014-11-15
457,Cheryl,Bryant,24,1952-05-24,64,2,2005-03-25
458,Jean,Davis,48,2002-10-10,14,2,2014-01-06
459,Thomas,Sargent,50,1967-08-03,49,1,2003-09-20
460,Daniel,Anthony,34,1969-06-06,47,1,2001-02-14
461,John,Buck,43,1967-02-06,50,1,2007-02-23
462,Joann,Floyd,18,1978-12-03,38,2,2013-11-22
463,Rose,Wilson,34,1988-06-08,28,2,2011-04-26
464,Kimberly,Barber,40,1952-03-24,64,2,2011-05-19
465,Teresa,Graham,21,1953-03-11,63,2,2005-07-18
466,Janet,Solis,21,1994-08-03,22,2,2004-11-29
467,Mike,Robinson,15,1953-05-27,63,1,2011-08-01
468,Juanita,Castillo,22,1985-11-09,31,2,2012-12-30
469,Angela,Wiggins,40,1978-04-30,38,2,2011-06-07
470,Julie,Smith,22,1956-01-16,61,2,2014-07-28
471,Carol,Bowman,1,1994-08-09,22,2,2015-02-02
472,John,Johnson,22,1955-04-04,61,1,2000-02-06
473,Daryl,Davis,35,1985-11-14,31,1,2005-07-07
474,Roland,Butler,7,1952-11-03,64,1,2012-08-15
475,Adam,Martin,38,1987-12-16,29,1,2014-11-19
476,Gil,Thompson,3,1966-12-29,50,1,2012-11-28
477,Amy,Perez,26,1965-05-20,51,2,2005-01-18
478,Lucia,Bradshaw,8,1992-04-26,24,2,2006-10-18
479,Randal,Shelton,5,1970-03-23,46,1,2006-02-10
480,Guillermo,Smith,46,1973-11-16,43,1,2014-05-24
481,Eugene,Gonzalez,46,1989-01-20,28,1,2010-04-06
482,Sandra,Mcdonald,33,1964-06-23,52,2,2008-06-16
483,Arturo,Faulkner,34,1975-07-14,41,1,2012-02-05
484,Vicki,Cohen,13,1976-06-19,40,2,2007-11-11
485,Roland,Robinson,17,1996-02-08,21,1,2011-06-12
486,Debra,Mccarthy,23,1960-02-25,57,2,2000-02-11
487,Grace,May,19,1961-07-15,55,2,2006-02-07
488,Todd,Riley,2,1985-04-02,31,1,2015-02-10
489,Florence,Justice,34,1972-08-09,44,2,2001-02-08
490,Joan,Jacobs,49,1978-04-01,38,2,2001-09-27
491,Denise,Key,14,1983-11-05,33,2,2000-12-13
492,Johnny,Logan,43,1962-06-17,54,1,2004-07-13
493,Shirley,Johnson,18,1969-09-21,47,2,2014-01-02
494,Mary,Rogers,6,1977-04-20,39,2,2010-09-19
495,Sarah,Gordon,1,1978-02-12,39,2,2011-11-24
496,Joanna,Smith,24,1987-05-25,29,2,2012-07-02
497,Robert,Phillips,41,1970-08-14,46,1,2002-08-27
498,Edward,Cunningham,37,2003-09-23,13,1,2014-08-21
499,Aaron,Walker,32,1961-02-17,56,1,2014-05-24
500,Joseph,Smith,41,1971-02-10,46,1,2009-12-03
501,Christopher,Pierce,43,1963-08-03,53,1,2003-09-06
502,Mary,Kelley,1,1997-07-24,19,2,2007-04-28
503,Elliott,Bailey,1,1962-09-15,54,1,2004-07-21
504,Justin,Rodriguez,8,1971-07-27,45,1,2005-01-30
505,Jane,Jennings,16,1996-12-04,20,2,2009-03-19
506,Juan,Cannon,44,1966-05-10,50,1,2008-04-12
507,Betsy,Carr,19,1962-08-14,54,2,2011-08-08
508,Ruth,Martinez,16,2002-03-19,14,2,2015-03-02
509,Janice,Gilbert,3,1972-03-27,44,2,2000-02-16
510,Ricardo,Larson,43,1976-06-23,40,1,2012-05-07
511,Donna,Morgan,42,1953-02-08,64,2,2000-02-04
512,Tracy,Walker,40,1997-01-29,20,2,2013-03-08
513,Rachel,Lee,26,2004-12-19,12,2,2014-04-08
514,Conrad,Chambers,41,1992-10-10,24,1,2015-10-13
515,Michelle,Mitchell,24,1951-09-17,65,2,2015-02-17
516,Doreen,Nichols,50,1999-11-23,17,2,2009-02-22
517,Ronald,Guzman,27,1996-02-02,21,1,2008-03-19
518,Claudio,Morgan,46,1982-12-03,34,1,2007-01-29
519,Richard,Clark,50,1985-06-29,31,1,2010-08-29
520,Rebecca,Myers,14,1976-03-19,40,2,2006-02-12
521,Helen,Cole,20,1977-03-05,40,2,2015-05-05
522,Patricia,Robinson,28,1990-01-03,27,2,2014-08-15
523,Elena,Sweeney,16,1962-04-06,54,2,2008-08-23
524,Gertrude,Vinson,2,1982-12-28,34,2,2009-10-16
525,Kimberly,Edwards,8,1952-07-31,64,2,2000-08-04
526,William,Smith,25,1967-02-17,50,1,2013-10-23
527,Michael,Scott,43,1959-08-15,57,1,2004-04-21
528,Angela,Smith,21,2004-04-17,12,2,2015-06-24
529,Kerri,Huffman,10,1975-09-30,41,2,2003-04-11
530,Edna,Jones,47,1994-09-08,22,2,2013-08-06
531,Grace,Phillips,12,1976-08-15,40,2,2015-12-11
532,Jeanine,Lee,15,1974-05-04,42,2,2014-09-26
533,Renee,Williamson,40,1961-11-18,55,2,2015-01-18
534,Phillip,Mills,48,1951-07-30,65,1,2000-09-01
535,Gladys,Allen,2,1989-03-20,27,2,2005-05-03
536,Christine,Ross,28,1975-03-29,41,2,2010-10-12
537,Tracy,Raymond,19,1971-01-25,46,2,2011-10-03
538,Francisco,Green,6,1983-05-28,33,1,2012-11-22
539,John,Green,11,1951-10-06,65,1,2015-08-18
540,Joseph,Green,9,1989-07-22,27,1,2015-01-02
541,Cedric,Gomez,13,1990-05-04,26,1,2014-07-20
542,Emilio,Trujillo,15,1970-01-13,47,1,2006-07-17
543,Anthony,Parks,30,1971-07-17,45,1,2004-12-24
544,Tomas,Chase,10,1969-12-20,47,1,2009-03-29
545,Mary,Graves,19,1988-07-20,28,2,2003-08-13
546,Michael,Olsen,4,1982-05-20,34,1,2008-10-21
547,Nicole,Carroll,22,1998-04-22,18,2,2011-12-14
548,Erin,Gates,31,1950-01-12,67,2,2014-10-25
549,Alberto,Carson,9,1976-05-28,40,1,2011-09-23
550,Martin,Palmer,18,1978-02-15,39,1,2005-07-08
551,Gloria,Jenkins,40,1980-03-17,36,2,2008-07-20
552,Stephen,Burks,26,1988-07-19,28,1,2006-03-02
553,Patrick,Brown,29,1952-02-04,65,1,2012-01-29
554,Esther,Simpson,50,1962-04-30,54,2,2009-07-29
555,Melinda,Owens,14,1965-10-31,51,2,2004-03-04
556,Ronald,Miller,2,1981-09-15,35,1,2006-10-15
557,Norman,Anderson,17,2003-01-15,14,1,2015-07-29
558,Teddy,Strickland,3,1983-07-26,33,1,2008-06-30
559,Quentin,Larson,26,2004-11-14,12,1,2014-07-19
560,Jefferson,Rose,9,1983-07-02,33,1,2014-10-18
561,Carlos,Merrill,40,1983-02-09,34,1,2003-05-15
562,Diana,Ross,35,1996-03-26,20,2,2007-03-26
563,Audrey,Sullivan,44,1972-04-05,44,2,2001-06-20
564,Jillian,Hawkins,10,1987-05-19,29,2,2006-03-02
565,Thomas,Flynn,27,1991-06-10,25,1,2013-04-13
566,Michael,Curry,7,1999-05-03,17,1,2009-04-13
567,Brianna,Conway,38,1989-07-20,27,2,2012-06-19
568,James,Caldwell,20,1960-03-23,56,1,2007-08-24
569,Marjorie,Barnett,46,1993-10-18,23,2,2004-02-06
570,Elizabeth,Middleton,11,1978-12-31,38,2,2015-01-29
571,Steve,Davis,21,1960-01-16,57,1,2009-02-28
572,Rebecca,Rich,1,1996-03-19,20,2,2009-07-13
573,Beverly,Rogers,16,1989-03-15,27,2,2013-12-27
574,Kent,Bryant,15,1956-12-10,60,1,2003-01-31
575,Julio,Nichols,45,1965-05-30,51,1,2002-05-16
576,Nora,Parks,37,1974-08-14,42,2,2002-08-21
577,Joanne,Brown,24,1991-06-19,25,2,2003-05-10
578,David,Mendoza,28,1988-06-29,28,1,2002-04-12
579,Linda,Kim,11,1996-04-08,20,2,2007-05-24
580,Jose,Perez,27,1969-11-25,47,1,2003-10-30
581,Michelle,Payne,45,1964-04-25,52,2,2006-06-19
582,Amy,Leach,33,1952-10-27,64,2,2001-04-10
583,Gary,Poole,36,1982-10-14,34,1,2010-01-24
584,Rex,Lucas,41,1977-08-25,39,1,2011-09-06
585,Stephen,Delacruz,19,1967-09-08,49,1,2003-04-02
586,Michael,Pittman,11,1960-07-28,56,1,2010-12-21
587,Marilyn,Martinez,42,1960-02-10,57,2,2002-04-12
588,Jason,Lopez,49,1965-04-13,51,1,2003-11-01
589,Susan,Ward,4,1965-07-05,51,2,2012-07-12
590,Rita,Mcdaniel,24,1956-11-08,60,2,2013-01-01
591,Glen,Myers,48,1957-12-10,59,1,2002-01-17
592,Sadie,Dickerson,5,2003-03-28,13,2,2015-04-07
593,Nicholas,Johns,14,1974-02-22,43,1,2005-09-02
594,Hugh,Davis,23,1957-12-12,59,1,2008-01-10
595,Arthur,Davis,34,2000-01-05,17,1,2013-09-21
596,John,Williamson,14,1967-10-23,49,1,2012-03-26
597,Violet,Gomez,29,1994-01-13,23,2,2015-03-28
598,Patrick,Ruiz,10,1982-03-31,34,1,2009-07-18
599,Trent,Hill,24,2001-12-19,15,1,2012-05-11
600,Kenneth,Davis,38,1967-04-03,49,1,2011-06-03
601,Kirsten,Dudley,48,1989-02-11,28,2,2008-01-04
602,Judith,Johnson,14,1979-09-01,37,2,2006-10-18
603,Phyllis,Mcmahon,45,1967-02-08,50,2,2008-02-28
604,Bryan,Stephens,34,1982-04-14,34,1,2002-11-08
605,Lee,Robinson,8,1965-05-28,51,1,2011-06-20
606,Katherine,Moore,3,1983-09-16,33,2,2001-05-30
607,Margaret,Chang,36,1965-01-24,52,2,2007-03-28
608,Yolanda,Hall,22,1989-04-01,27,2,2000-02-23
609,Brian,Green,39,1986-12-20,30,1,2003-06-17
610,Sherry,Arnold,3,1951-06-09,65,2,2009-02-16
611,James,Jackson,12,1965-07-30,51,1,2011-03-21
612,Sheryl,Johnson,17,1990-02-04,27,2,2000-08-25
613,Betty,Dixon,2,1976-10-13,40,2,2006-12-10
614,Clara,Stanley,38,1969-12-22,47,2,2008-01-08
615,Shane,Wall,28,1970-10-20,46,1,2012-01-09
616,Theodore,Freeman,31,1981-09-19,35,1,2007-08-26
617,Alice,O'donnell,13,1977-07-06,39,2,2000-08-16
618,Marlon,Riley,1,1969-11-08,47,1,2000-01-16
619,Gary,Young,50,1974-08-13,42,1,2009-11-18
620,Shelia,Donovan,41,1997-07-10,19,2,2013-01-09
621,Wanda,Harper,21,2003-08-02,13,2,2014-02-26
622,Rita,White,16,1986-01-01,31,2,2012-11-05
623,Nathaniel,Greene,15,1986-11-02,30,1,2014-04-17
624,Barbara,Ramirez,29,1962-07-03,54,2,2007-10-12
625,Daniel,Ryan,20,1986-06-29,30,1,2007-10-04
626,Annie,Jackson,28,1972-03-20,44,2,2014-07-28
627,Jane,Williams,14,1967-09-10,49,2,2008-03-23
628,Linda,Carney,1,1986-03-17,30,2,2015-03-04
629,Steven,Olson,50,1957-11-21,59,1,2003-03-29
630,Robert,Hernandez,46,1974-07-01,42,1,2003-09-19
631,Rochelle,Jones,50,1957-07-05,59,2,2012-02-12
632,Thomas,Young,20,1990-10-05,26,1,2008-10-02
633,Wilma,Hampton,39,1967-06-26,49,2,2004-09-12
634,Helen,Webb,19,1959-01-06,58,2,2002-06-26
635,Beverly,Robinson,49,1988-12-05,28,2,2015-12-16
636,Sarah,Maxwell,3,1983-05-01,33,2,2013-11-03
637,John,Baker,4,1961-02-06,56,1,2002-07-14
638,Wm,James,7,1966-04-03,50,1,2008-09-13
639,Susan,Lewis,23,1993-10-01,23,2,2013-08-28
640,Margie,Thomas,21,1976-01-07,41,2,2008-05-25
641,Ronnie,Carr,6,2004-06-17,12,1,2014-03-17
642,Nancy,Martin,30,1989-01-10,28,2,2009-07-16
643,Kristy,Chavez,40,1958-11-26,58,2,2009-08-22
644,Philip,Holt,5,1951-01-08,66,1,2015-03-14
645,Helen,Reid,2,1956-12-06,60,2,2015-01-17
646,Donald,Armstrong,9,1968-06-19,48,1,2001-04-22
647,Edith,Sims,6,1978-08-17,38,2,2010-07-11
648,William,Carter,17,1955-07-15,61,1,2002-05-22
649,Constance,Smith,30,1951-04-29,65,2,2013-04-11
650,Ray,Campbell,26,2001-03-23,15,1,2011-12-01
651,Mary,Gutierrez,4,1957-03-10,59,2,2013-08-25
652,Eugenio,Boyd,40,1957-07-30,59,1,2015-09-17
653,Catalina,Mcgowan,42,1986-05-15,30,2,2015-02-07
654,William,Shelton,43,1974-02-06,43,1,2007-04-15
655,Rosa,Hart,30,1960-03-24,56,2,2013-06-02
656,Sarah,Rodgers,47,1976-08-08,40,2,2007-10-29
657,Delmer,Harris,8,1962-10-19,54,1,2011-03-26
658,Patrick,Neal,44,1996-09-07,20,1,2008-07-28
659,Krystal,Elliott,24,2003-01-04,14,2,2015-02-01
660,Derrick,Washington,13,1979-09-17,37,1,2005-09-03
661,Henry,Caldwell,42,1967-05-10,49,1,2005-11-24
662,Sharon,Hudson,29,1967-09-27,49,2,2005-10-05
663,Cherie,Wilson,16,1964-08-27,52,2,2012-05-22
664,Thelma,Williams,18,1962-04-15,54,2,2006-07-23
665,Katelyn,Miller,35,1959-02-01,58,2,2009-05-19
666,Tina,Chavez,18,1982-04-17,34,2,2014-01-14
667,Gary,Woodward,36,1963-04-11,53,1,2012-04-26
668,Reginald,Roberts,39,1967-03-25,49,1,2000-09-24
669,Karen,Diaz,28,1956-02-19,61,2,2006-01-10
670,Pauline,Parsons,28,1979-11-04,37,2,2000-12-03
671,Andrea,Taylor,32,1984-10-31,32,2,2011-06-11
672,Shanna,Gonzalez,19,1964-10-03,52,2,2013-09-09
673,Kimberly,Landry,21,1954-11-08,62,2,2006-04-23
674,Beverly,Hill,3,1980-07-25,36,2,2006-11-19
675,Mack,Simpson,4,1995-04-27,21,1,2006-02-21
676,Sarah,Clark,12,1973-02-18,44,2,2013-12-17
677,Betty,Bolton,35,1961-09-17,55,2,2001-11-16
678,Paul,Richard,30,1998-02-24,19,1,2010-03-10
679,Catherine,Morrow,42,1959-03-20,57,2,2013-11-20
680,William,Griffin,9,1958-01-12,59,1,2013-02-25
681,William,Turner,10,1970-06-09,46,1,2000-12-11
682,Renee,Adkins,46,1977-01-03,40,2,2002-03-18
683,Douglas,Workman,42,1994-04-14,22,1,2005-07-20
684,Dave,Santos,22,1960-07-28,56,1,2013-05-26
685,Van,Robinson,25,1961-02-25,56,1,2008-10-12
686,Victoria,Jackson,31,1980-02-10,37,2,2009-01-18
687,Ruth,Preston,44,1977-01-21,40,2,2008-09-20
688,Michael,Johnson,3,1952-06-28,64,1,2004-03-31
689,Allan,Mcgee,48,1959-05-01,57,1,2003-08-19
690,Allen,Marks,25,1953-10-05,63,1,2003-11-26
691,George,Dixon,3,1976-04-04,40,1,2000-08-06
692,Mary,Stanley,15,1962-03-12,54,2,2013-04-26
693,Alice,Chan,35,1982-02-02,35,2,2001-06-22
694,Denise,Beard,3,1950-11-10,66,2,2011-03-24
695,Gino,Yates,44,2003-06-14,13,1,2015-10-18
696,Joyce,Johnson,3,1973-03-22,43,2,2004-01-21
697,Edward,Pierce,37,1972-09-19,44,1,2000-09-24
698,Louise,White,24,2001-09-10,15,2,2011-11-04
699,Adam,Farmer,4,1996-10-11,20,1,2014-02-18
700,Mary,Cortez,10,1985-06-29,31,2,2009-12-25
701,Becky,Taylor,29,1980-03-02,37,2,2011-11-30
702,Michael,Patterson,2,1976-12-12,40,1,2011-06-27
703,Regina,Hernandez,7,1992-10-02,24,2,2012-11-30
704,Violet,Thompson,35,1962-08-17,54,2,2000-11-13
705,Robert,Jones,2,1961-08-07,55,1,2009-05-14
706,Gary,Lane,2,1966-03-19,50,1,2004-10-16
707,Ross,Berry,47,1967-07-26,49,1,2003-11-16
708,Richard,Wilson,30,1998-02-19,19,1,2013-01-23
709,Dana,Martin,3,1966-03-13,50,2,2000-01-12
710,Sylvia,Davis,3,1961-12-27,55,2,2006-09-13
711,Abe,Lindsey,12,1953-09-29,63,1,2001-06-02
712,Lesley,White,14,1963-01-13,54,2,2011-09-11
713,Angel,Dorsey,29,1985-03-20,31,1,2001-12-12
714,Chris,Montgomery,19,1964-09-12,52,1,2015-05-17
715,Kenneth,Rollins,7,1992-11-20,24,1,2006-01-28
716,Jose,Barrett,23,1985-04-22,31,1,2013-03-08
717,William,Crawford,10,1989-10-15,27,1,2008-06-21
718,Gloria,Williams,29,1967-12-04,49,2,2005-12-25
719,Vickie,Lee,19,1980-09-14,36,2,2004-11-07
720,Theresa,Pickett,35,1985-08-17,31,2,2015-09-27
721,Michael,Powell,17,1983-04-28,33,1,2014-01-26
722,Charles,Haynes,39,1978-01-06,39,1,2004-06-06
723,Russell,Jones,39,1967-12-24,49,1,2007-04-22
724,Stephanie,Martin,40,1963-03-15,53,2,2015-07-28
725,Charles,Ramirez,25,1960-03-18,56,1,2001-10-01
726,Annette,Johnson,24,1954-03-11,62,2,2000-10-19
727,Theodore,Smith,30,1982-10-02,34,1,2002-06-05
728,Alejandro,Lawson,19,1950-10-01,66,1,2009-05-23
729,Tyler,Roman,38,2003-03-15,13,1,2013-05-17
730,Carolyn,Wood,31,1988-05-21,28,2,2006-05-16
731,Alan,Taylor,35,1983-06-01,33,1,2010-10-13
732,Gregory,Becker,30,1994-01-25,23,1,2015-09-11
733,Keith,Welch,43,1962-03-14,54,1,2009-05-14
734,Kenneth,Chang,41,1986-07-15,30,1,2014-07-21
735,Grace,Henderson,24,1954-09-02,62,2,2014-10-27
736,Leroy,Webb,39,1958-11-23,58,1,2013-05-17
737,Juan,William,28,1981-05-31,35,1,2005-02-15
738,Rodger,Pacheco,48,1962-01-29,55,1,2004-01-06
739,Debra,Simmons,7,1985-12-29,31,2,2004-10-11
740,Thomas,Henry,31,1967-04-20,49,1,2013-11-10
741,Naomi,Lyons,14,1956-07-12,60,2,2000-07-04
742,Jessica,Campbell,40,1988-05-19,28,2,2004-06-23
743,Dave,Zimmerman,8,1953-03-27,63,1,2008-10-11
744,Trey,Gray,47,1957-08-22,59,1,2010-09-24
745,Patricia,Cunningham,50,1987-11-09,29,2,2009-09-27
746,Catherine,Martinez,12,1964-09-18,52,2,2013-10-21
747,Antonio,Wood,33,1990-11-29,26,1,2008-12-31
748,Marion,Murphy,20,1973-06-15,43,1,2014-10-10
749,John,Franks,12,1986-09-05,30,1,2000-06-26
750,Michael,Lindsay,4,1999-05-23,17,1,2015-11-08
751,David,Rhodes,14,1954-02-26,63,1,2001-11-28
752,William,Chavez,42,1962-07-19,54,1,2007-04-17
753,Dennis,Thompson,27,1966-10-15,50,1,2000-03-23
754,Frances,Gibson,32,1988-07-12,28,2,2014-07-17
755,James,Wright,36,1991-09-16,25,1,2011-10-02
756,Donna,Haney,22,1953-02-17,64,2,2013-04-16
757,Patrick,Gray,29,1958-04-14,58,1,2015-06-25
758,Alana,Bradshaw,3,1962-05-01,54,2,2000-09-23
759,Orlando,Davis,47,1974-12-06,42,1,2014-03-28
760,Jean,Rich,10,1998-07-26,18,2,2014-01-01
761,Janette,Bates,2,2004-10-12,12,2,2014-06-21
762,Thomas,Snow,25,1972-08-09,44,1,2014-02-05
763,Jay,Jacobs,35,1970-03-28,46,1,2001-05-10
764,Ryan,Lynn,39,1990-09-10,26,1,2001-02-10
765,Kathy,Phillips,26,2002-02-22,15,2,2014-11-22
766,Jill,Wright,15,1975-09-22,41,2,2008-08-04
767,Janice,Ferrell,40,1962-05-29,54,2,2014-07-18
768,Angeline,Randolph,24,1983-02-13,34,2,2012-05-23
769,John,Lopez,25,1999-05-17,17,1,2015-03-25
770,Charles,Keith,30,1997-02-02,20,1,2008-06-28
771,Hilda,Alexander,40,1988-07-15,28,2,2003-11-07
772,Michael,Thomas,2,1955-10-20,61,1,2003-07-02
773,Mark,James,35,1950-08-13,66,1,2005-09-06
774,Guadalupe,Barnett,46,1951-01-05,66,2,2001-06-22
775,Jason,Roberts,35,1969-04-25,47,1,2010-01-02
776,Molly,Henderson,11,1969-01-11,48,2,2005-10-14
777,Jeffrey,Tate,47,1986-11-05,30,1,2006-05-11
778,George,Lewis,28,1961-02-11,56,1,2004-07-31
779,Mark,Hart,42,1962-05-29,54,1,2008-06-04
780,James,Johnson,46,1953-04-25,63,1,2010-05-27
781,Terry,Calhoun,43,1953-01-02,64,1,2014-06-20
782,Margaret,Kane,37,1973-12-14,43,2,2001-01-17
783,Kenneth,Skinner,10,1967-01-19,50,1,2009-09-20
784,Michael,Mathews,8,1951-07-22,65,1,2005-04-04
785,Cynthia,Williams,40,1961-08-06,55,2,2004-08-19
786,Ruby,Hernandez,5,1954-11-12,62,2,2008-04-08
787,Maggie,Jones,45,1955-08-14,61,2,2002-10-04
788,Kerry,Martin,20,1999-11-01,17,2,2012-11-10
789,Ada,Joyner,5,1975-08-09,41,2,2013-03-19
790,Eleanor,Bauer,50,1985-06-16,31,2,2003-02-25
791,Charles,Brooks,9,1969-07-26,47,1,2015-03-23
792,William,Stevens,49,1980-11-20,36,1,2010-07-30
793,Melissa,Hays,29,1987-08-10,29,2,2012-06-23
794,Roy,Collins,18,2000-01-28,17,1,2014-05-04
795,Charlene,Nelson,48,1986-09-05,30,2,2010-02-07
796,Jason,Jones,29,1982-06-25,34,1,2004-12-28
797,Arthur,Webb,2,1972-09-26,44,1,2005-01-17
798,Edward,Lawrence,20,1992-02-14,25,1,2011-03-11
799,Russell,Riley,17,1999-10-16,17,1,2010-10-29
800,Catherine,Mitchell,49,1951-06-12,65,2,2011-06-15
801,Maria,Kelly,41,1979-05-07,37,2,2011-09-19
802,Bret,Dejesus,34,1983-10-13,33,1,2000-07-02
803,Debra,Anderson,49,1954-07-09,62,2,2003-02-19
804,Charles,Reid,27,1997-05-01,19,1,2013-04-07
805,James,Clark,29,1990-08-04,26,1,2010-03-23
806,Tania,Smith,47,1993-08-29,23,2,2004-09-27
807,Dale,Hopkins,1,1985-02-19,32,1,2004-09-26
808,Michelle,Yang,40,1964-06-04,52,2,2006-08-07
809,James,Glover,50,1954-03-28,62,1,2002-01-04
810,John,Jones,38,1971-07-25,45,1,2000-02-03
811,Sean,George,5,1997-08-26,19,1,2015-01-31
812,Sally,Turner,40,1996-11-14,20,2,2011-06-01
813,Jerry,Hahn,25,1965-12-26,51,1,2006-06-28
814,Edward,Hopper,38,1964-02-22,53,1,2009-02-22
815,Claudette,Mitchell,19,1954-01-14,63,2,2004-06-16
816,Bryan,Carter,7,1983-03-27,33,1,2012-02-06
817,Polly,Lee,22,1974-10-14,42,2,2014-06-09
818,Florence,Allen,50,1968-07-31,48,2,2005-01-04
819,Lori,Potts,48,2002-01-17,15,2,2013-04-22
820,Stephanie,Carter,20,1989-12-07,27,2,2011-06-16
821,Joseph,Miller,23,1959-12-31,57,1,2002-07-13
822,Joshua,Mcdonald,1,1968-06-13,48,1,2007-07-10
823,Cory,Savage,8,1988-04-30,28,1,2008-09-23
824,Wayne,Hernandez,40,2000-05-30,16,1,2011-01-23
825,Juanita,Mcdaniel,9,1985-01-31,32,2,2007-11-06
826,Shana,Humphrey,42,1977-01-11,40,2,2002-12-08
827,Juanita,Walker,11,1973-01-06,44,2,2000-12-29
828,Archie,Bennett,50,2000-07-10,16,1,2014-08-30
829,Matthew,Johnson,17,1971-04-03,45,1,2007-12-27
830,Katrina,Taylor,39,1977-09-27,39,2,2000-06-13
831,Charles,Klein,47,1977-09-26,39,1,2013-08-06
832,Marvin,Mcdonald,29,1983-10-13,33,1,2004-04-14
833,Tonya,Smith,46,1974-08-30,42,2,2012-10-09
834,Ida,Clarke,34,1982-05-28,34,2,2013-10-10
835,Jacqueline,Williams,38,1950-04-25,66,2,2007-08-24
836,Enrique,Nichols,44,1963-12-18,53,1,2009-09-24
837,Christopher,Lewis,30,1986-04-08,30,1,2005-02-16
838,Johnny,Barnes,42,1999-09-02,17,1,2015-11-23
839,David,Francis,40,2000-01-31,17,1,2011-04-27
840,Lula,Boone,46,2003-03-26,13,2,2013-11-25
841,Tonya,Black,34,1978-10-20,38,2,2012-02-28
842,Monica,Ellis,32,1997-10-19,19,2,2011-08-22
843,Claudette,Bryant,28,1973-01-04,44,2,2015-11-27
844,Thomas,Patterson,8,1974-10-24,42,1,2007-04-10
845,Timothy,Ramirez,47,1962-06-04,54,1,2001-06-11
846,Randal,Weber,18,1986-11-16,30,1,2013-06-13
847,Lisa,Martinez,1,1970-11-14,46,2,2004-12-05
848,Jerry,Washington,6,1962-12-21,54,1,2014-12-27
849,Perry,Cannon,31,2001-03-04,16,1,2012-07-15
850,Barbara,Gibson,3,1987-08-31,29,2,2011-04-27
851,Karina,Wood,23,1984-12-09,32,2,2014-09-29
852,Nicholas,Hoffman,40,1984-05-31,32,1,2011-02-10
853,Mark,Garza,18,1952-03-05,65,1,2015-03-02
854,Marie,Calderon,39,1981-08-13,35,2,2001-11-16
855,Sherry,Harris,47,1963-10-03,53,2,2011-08-14
856,Lucille,Acosta,29,1995-11-01,21,2,2005-09-27
857,James,Goodwin,23,1967-11-28,49,1,2014-11-20
858,Melissa,Gray,46,1993-03-24,23,2,2003-10-09
859,Daniel,Arnold,46,1989-07-29,27,1,2000-01-04
860,Doris,Smith,27,1980-01-24,37,2,2007-12-03
861,Robert,Dyer,14,1994-11-14,22,1,2004-10-23
862,Hector,Stewart,18,1959-08-30,57,1,2004-07-08
863,Cheryl,Reynolds,9,2000-02-15,17,2,2014-03-29
864,Elisa,Baird,6,1977-03-14,39,2,2000-07-09
865,Veronica,Greene,36,1954-03-11,62,2,2001-08-12
866,Helen,Freeman,6,1953-02-20,64,2,2003-05-15
867,Timothy,Cooper,17,1961-08-24,55,1,2015-11-07
868,Jonathan,Taylor,6,1974-08-21,42,1,2001-08-04
869,Leonard,Dudley,41,1951-11-02,65,1,2007-12-08
870,Christina,Mullen,3,1994-08-28,22,2,2015-05-23
871,Walter,Drake,15,1955-03-19,61,1,2005-01-01
872,Katherine,Jacobson,47,1984-02-20,33,2,2003-07-06
873,Jerome,Valencia,39,2000-01-08,17,1,2011-07-29
874,Gene,Jones,23,1986-12-07,30,1,2000-06-20
875,Marlene,Reynolds,21,2004-12-13,12,2,2015-03-10
876,Mary,Stout,31,2003-02-17,14,2,2015-12-21
877,Harold,King,45,1956-09-29,60,1,2000-03-09
878,Pearl,Bryan,29,1966-11-23,50,2,2010-09-22
879,Pamela,Wolfe,35,1976-11-01,40,2,2011-05-11
880,Raymond,Ramirez,27,2000-09-05,16,1,2014-04-14
881,Anna,Bender,46,1952-12-21,64,2,2003-09-04
882,Betty,Jones,7,1992-05-26,24,2,2010-06-28
883,Courtney,Gordon,44,1950-04-22,66,2,2009-03-11
884,Christopher,Baker,50,1958-08-09,58,1,2001-08-21
885,Russell,Walker,30,1978-11-09,38,1,2005-04-13
886,Tracey,Lewis,32,1979-09-26,37,2,2002-02-08
887,Daniel,Meyer,1,1966-10-14,50,1,2010-06-27
888,Leon,Perez,18,1979-01-12,38,1,2007-10-23
889,Alice,Pruitt,12,2001-11-13,15,2,2014-08-09
890,Ted,Taylor,16,1969-08-11,47,1,2009-07-31
891,Kim,Noble,49,1951-07-21,65,2,2008-12-19
892,Mary,Boone,18,1993-07-07,23,2,2009-02-11
893,Matthew,Price,1,1965-05-29,51,1,2003-01-20
894,Beatrice,Stephens,27,1970-12-25,46,2,2007-12-09
895,Tanisha,Odom,17,1979-09-30,37,2,2004-01-15
896,Joseph,Gonzalez,24,1987-05-04,29,1,2008-07-10
897,Ernest,Taylor,18,1985-10-08,31,1,2004-02-11
898,Louise,Tucker,41,1961-02-09,56,2,2001-03-18
899,Veronica,Hill,26,1997-05-28,19,2,2007-09-12
900,James,Wright,11,1997-08-16,19,1,2013-08-06
901,Danielle,Gates,1,1993-06-28,23,2,2012-11-05
902,Diana,Ferguson,14,1990-11-13,26,2,2013-01-10
903,Charles,Barnes,30,2001-09-11,15,1,2015-12-04
904,Al,Logan,35,1952-09-20,64,1,2010-01-24
905,Jesse,Matthews,41,1985-12-29,31,1,2002-08-15
906,Elizabeth,Church,31,2002-04-11,14,2,2015-03-25
907,Shelia,Kirk,20,1957-04-25,59,2,2003-01-06
908,Nancy,Maddox,43,1987-03-23,29,2,2011-08-18
909,Ann,Frederick,35,2004-06-09,12,2,2015-08-27
910,Samuel,Munoz,12,1959-04-12,57,1,2014-12-03
911,Misty,Parrish,11,1970-08-16,46,2,2001-11-22
912,Andrew,Jones,43,1998-11-09,18,1,2010-04-01
913,Sharon,Grant,25,1981-09-21,35,2,2003-07-14
914,Wendy,Johnson,39,1958-08-20,58,2,2004-08-05
915,Ronald,Beck,23,1964-02-08,53,1,2011-12-04
916,Donna,Bates,11,1956-03-29,60,2,2010-06-18
917,Robert,Dotson,37,1987-01-26,30,1,2011-01-11
918,Ann,James,40,1981-05-19,35,2,2014-12-25
919,Ralph,Maldonado,35,1979-12-01,37,1,2002-03-10
920,Pamela,Hall,13,1975-08-05,41,2,2000-04-18
921,Timothy,Moore,6,1957-12-04,59,1,2003-05-08
922,Evelyn,Miranda,12,1997-04-14,19,2,2008-08-09
923,Cindy,Moreno,5,1968-04-16,48,2,2007-06-16
924,Chad,Carter,13,1980-10-04,36,1,2004-01-13
925,John,Ross,16,1957-02-16,60,1,2009-08-13
926,Donna,Lopez,43,1952-03-06,65,2,2012-12-08
927,Dana,Baldwin,1,1964-05-02,52,2,2006-08-06
928,Joseph,Wiley,15,1979-07-11,37,1,2009-12-06
929,Calvin,West,21,1994-05-24,22,1,2009-04-14
930,Jerry,Barnes,38,1972-04-07,44,1,2008-04-15
931,Sharon,Schultz,17,1963-03-30,53,2,2002-08-31
932,Eleanor,Robertson,41,1953-06-10,63,2,2009-02-19
933,Benjamin,Chan,50,1983-05-23,33,1,2003-06-16
934,Ronald,Johnson,27,1961-04-24,55,1,2014-01-09
935,Kyle,Reynolds,3,1970-10-18,46,1,2012-01-02
936,Ashley,Young,22,1978-04-04,38,2,2003-03-24
937,Calvin,Parker,36,1998-02-12,19,1,2010-05-26
938,Gary,Thompson,9,1960-03-31,56,1,2014-06-26
939,Patrick,Day,32,1985-06-26,31,1,2014-09-25
940,William,Brown,41,1958-04-01,58,1,2008-09-30
941,Anthony,Thompson,19,2000-04-15,16,1,2012-08-15
942,Brenda,Miller,5,1988-01-03,29,2,2008-01-19
943,Margaret,Dillon,27,1995-03-03,22,2,2011-04-04
944,Irma,O'brien,13,1984-06-23,32,2,2013-10-01
945,Dawn,Fry,20,2004-01-29,13,2,2015-09-25
946,Kevin,Long,2,1973-10-21,43,1,2005-08-07
947,Bruce,Anderson,43,1964-09-12,52,1,2000-06-01
948,Maryann,Myers,14,1966-06-12,50,2,2012-06-25
949,William,Wheeler,16,1956-12-18,60,1,2002-10-28
950,Joseph,Walker,31,1950-03-29,66,1,2011-05-09
951,Brent,Carr,24,1986-11-07,30,1,2000-01-30
952,Karen,Puckett,7,1997-08-29,19,2,2013-07-28
953,Brian,Campbell,23,1950-12-07,66,1,2011-06-03
954,James,Bailey,43,1996-06-18,20,1,2007-11-09
955,David,Schwartz,38,1968-11-28,48,1,2013-05-18
956,Jack,Medina,31,1981-06-21,35,1,2015-01-05
957,Jay,Ramsey,15,1984-04-12,32,1,2004-10-20
958,Manuel,Walker,36,1990-09-29,26,1,2011-03-27
959,Christine,Carter,23,1980-10-25,36,2,2000-10-20
960,Leona,Baker,49,1986-06-24,30,2,2003-07-16
961,James,Klein,13,2002-11-24,14,1,2012-02-24
962,Chad,Stanley,35,1981-09-09,35,1,2012-04-17
963,Leslie,Norman,7,1955-11-14,61,2,2010-06-21
964,Michelle,Rogers,10,1969-04-02,47,2,2005-04-09
965,Catalina,Brown,18,1953-07-16,63,2,2002-12-28
966,Linda,Smith,42,1953-03-26,63,2,2000-12-20
967,Sharon,Beck,46,1989-12-04,27,2,2012-05-24
968,Gerard,Anderson,41,2003-08-17,13,1,2014-07-19
969,Bobby,Wilson,48,1953-08-15,63,1,2015-02-04
970,Amanda,Dillon,45,1968-09-08,48,2,2010-05-25
971,Tina,Booth,13,1958-02-08,59,2,2013-12-25
972,Holly,Larson,17,1962-06-24,54,2,2008-04-04
973,Sheri,Perez,43,1968-09-03,48,2,2008-05-06
974,Miles,Phillips,30,1999-04-12,17,1,2014-02-20
975,Robert,Murray,13,1996-11-02,20,1,2014-07-30
976,Susan,Edwards,32,1990-05-22,26,2,2013-01-17
977,Carlos,Martinez,8,1969-09-12,47,1,2004-03-29
978,Teresa,Clements,13,1971-06-04,45,2,2009-12-10
979,Mildred,Valdez,14,1981-10-29,35,2,2006-07-22
980,Leroy,Johnson,40,1951-02-28,66,1,2004-10-15
981,Gary,Lowery,46,1989-08-31,27,1,2003-11-30
982,Nancy,Estes,7,1984-03-02,33,2,2011-08-16
983,Laura,Mitchell,13,1995-08-04,21,2,2014-09-16
984,Karin,Stephens,2,1972-04-13,44,2,2008-07-26
985,Carl,Lewis,14,1968-09-24,48,1,2007-08-05
986,Wendy,Ryan,39,1997-02-01,20,2,2012-02-20
987,Helen,Andrews,14,1981-04-10,35,2,2006-03-28
988,Pauline,Cline,26,2004-06-30,12,2,2014-01-21
989,Eric,Smith,9,1977-08-16,39,1,2013-08-28
990,Manuel,Wyatt,46,1985-03-09,31,1,2013-04-16
991,Hazel,Tyler,44,1961-01-10,56,2,2009-05-08
992,Henry,Brown,48,1970-06-19,46,1,2007-02-05
993,John,Roberts,43,1994-07-12,22,1,2007-06-24
994,Aaron,Walker,30,1955-02-08,62,1,2007-03-19
995,Andrew,Carlson,26,1953-09-26,63,1,2006-02-03
996,Laura,Gray,36,2004-04-25,12,2,2015-06-03
997,Cory,Dorsey,24,1974-10-18,42,1,2005-11-05
998,Kris,Ellison,36,1954-09-02,62,1,2012-12-14
999,Mary,Carter,28,2001-02-17,16,2,2014-10-04
1000,David,Bowman,11,1994-02-17,23,1,2004-12-26
